airline,reviewer_id,reviewer_name,review_date,rating,comment,verified_booking,helpful_count
Alaska Airlines,039a703c-0aa7-4f6b-a810-7022c869b41c,Ishita Romano,2024-06-21,5,Decent flight overall. Nothing exceptional but no major complaints.,True,6
Alaska Airlines,cbceeb4e-f0c5-401d-9d98-a8dc586155ab,Valentina Martinez,2025-04-29,4,Flight was on time but seats could be more comfortable.,False,8
Alaska Airlines,26c24b8a-1f9a-455f-9412-0188c808ff1f,Diya Watanabe,2025-06-27,5,Great leg space and the meal service exceeded expectations.,True,38
Alaska Airlines,aa2f49d4-3013-420a-9724-f17528bd1824,Jabari Wood,2024-03-09,3,Impressed by the cleanliness and comfort. Worth the price.,True,7
Alaska Airlines,f1ac9804-5d1a-4321-9204-cf32a893797c,Diya Malik,2025-03-31,5,The plane was older but clean. Service was adequate.,True,40
Alaska Airlines,4a2a6d1a-d7db-4346-abd8-0e1d1579c664,Michael Petrov,2024-10-21,4,"The crew was okay, but the entertainment options were limited.",True,47
Alaska Airlines,45be40de-5079-4637-a2b6-26f4a9a8c0ae,Antonio Barnes,2025-07-12,4,The flight was delayed but the crew handled it professionally.,True,49
Alaska Airlines,dfb914e3-edbb-4981-bbb0-ce5d608c3366,Jin Moore,2025-07-30,5,WiFi didn't work properly but arrived on schedule.,True,19
Alaska Airlines,d5ce5f46-c8a0-4921-b080-77e803eec164,Mei Ahmed,2024-04-26,4,The captain provided excellent updates throughout the flight.,True,0
Alaska Airlines,fb724591-b13a-4463-adc5-7b56b26d6a9c,Amara Russo,2024-10-22,5,Clean aircraft and pleasant atmosphere. Food was surprisingly good.,False,6
Alaska Airlines,95886c08-345b-43be-91cc-600c2f548da3,Malik Sullivan,2024-02-15,5,"Standard service, nothing to complain about but nothing memorable either.",False,5
Alaska Airlines,61657e9e-fd3f-4710-86ef-0640818929f5,Pawan Rizvi,2025-08-29,4,Decent flight overall. Nothing exceptional but no major complaints.,True,9
Alaska Airlines,3914ee34-b19f-43dc-b186-b1fafbcb137a,Rosa Watanabe,2025-11-08,4,Great leg space and the meal service exceeded expectations.,True,4
Alaska Airlines,7476fa18-8cc7-41f2-89b6-39c65859a4c5,Charles Qureshi,2024-06-26,4,Impressed by the cleanliness and comfort. Worth the price.,True,5
Alaska Airlines,6435c30b-41ee-4d5a-ab0b-12ca14f5fd19,Sophia Yang,2025-07-10,3,The captain provided excellent updates throughout the flight.,True,7
Alaska Airlines,adc77932-2c37-441a-bbb7-deb0d4afa153,Aisha Costa,2024-03-31,5,Customer service could be friendlier but flight was on time.,False,1
Alaska Airlines,9dc9eed5-2f42-45cb-a85f-f8ecba67d17a,Layla Nkrumah,2025-03-13,5,Boarding was chaotic but once in the air everything was fine.,True,7
Alaska Airlines,7ceef56f-f4dc-4d19-9ae8-e142d32807fc,Hiroshi Reyes,2025-10-02,4,Appreciated the extra amenities provided in economy class.,False,34
Alaska Airlines,24126562-ade6-4852-b753-9a17c99bf973,William Davis,2024-12-03,5,Ground staff and flight attendants were all very helpful.,True,8
Alaska Airlines,67950585-07b9-4b61-9e5c-d5a69840e11f,Li Kim,2024-02-27,3,Easy online booking and smooth check-in process. No issues.,True,44
Alaska Airlines,90bdf6e8-caf5-407f-8404-177816cb32d4,Sakura Jefferson,2024-08-30,4,Great leg space and the meal service exceeded expectations.,True,3
Alaska Airlines,43cd7b7b-93d5-4772-a1cd-bf050d17ccad,Lucia Taylor,2024-10-01,5,Average experience. The price was reasonable for what you get.,True,6
Alaska Airlines,5e699d80-1f56-4ec5-bafa-5d47028990fe,Ana Siddiqui,2024-10-18,5,Great experience flying with this airline. Will book again.,True,16
Alaska Airlines,9aa4c920-ac71-4687-bb5d-a2ede68f59b6,Yuki Gonzalez,2023-12-13,3,In-flight WiFi worked perfectly. Appreciated the complimentary snacks.,True,44
Alaska Airlines,4315a378-e75d-407c-bf4a-3f8f65c1a29c,Rohan Barnes,2024-03-30,3,The crew made a long flight enjoyable with their warm service.,True,6
Alaska Airlines,ca37cfcd-4773-4d6f-ab97-622e3146c719,David Johnson,2024-07-14,3,Average experience. The price was reasonable for what you get.,True,3
Alaska Airlines,bde8c80d-0981-4fd7-b6bf-a72ba3f4cd97,Antonio Banda,2025-07-19,5,The entertainment system had issues but crew was helpful.,True,49
Alaska Airlines,d7b971e9-a3f9-4e6c-a5c1-0195e0bcd974,Kenji Fernandez,2024-06-24,5,The entertainment system had issues but crew was helpful.,True,8
Alaska Airlines,d8dbd70b-9202-4075-9d4e-f038aade8023,Jabari Ahmed,2023-12-03,5,Clean aircraft and pleasant atmosphere. Food was surprisingly good.,False,17
Alaska Airlines,57fe4b2a-56ad-4551-8338-5b09a8ade75c,Yuki Ahmed,2025-01-24,5,Comfortable seats and great in-flight entertainment. Would fly again!,True,3
Alaska Airlines,a8799916-d982-4be1-a306-6d48ded696b9,Isabel Fernandez,2025-06-29,4,Flight was on time but seats could be more comfortable.,False,47
Alaska Airlines,0bbd5da7-ce0d-4141-857f-38f53c2b5ad0,William Washington,2025-06-14,3,Average experience. The price was reasonable for what you get.,True,6
Alaska Airlines,7c906e27-82d5-4a41-8872-b25aee8a6df5,Nia Kelly,2024-02-19,3,Decent value for a budget airline. Set expectations accordingly.,True,30
Alaska Airlines,79968517-3658-4f22-b62f-a55635d5fb7b,Diya Reyes,2024-04-18,5,Ground staff and flight attendants were all very helpful.,True,0
Alaska Airlines,96f5c6a7-b5c0-4ae7-973a-f696dc01873b,Meera Moore,2025-10-28,5,Flight was on time but seats could be more comfortable.,True,5
Alaska Airlines,f0c94742-0ad9-4704-9a50-7dd6a751d002,Aisha Murphy,2024-11-03,4,Clean aircraft and pleasant atmosphere. Food was surprisingly good.,False,30
Alaska Airlines,de2faddd-d0ff-4acd-ae14-ab9f5d46a7a5,Fatima Reddy,2024-11-17,5,Food options were disappointing but flight was smooth.,True,8
Alaska Airlines,9db518d1-14fa-4c6f-8c39-e1c0e087e3b8,Jose Jackson,2024-09-09,5,Quick boarding and efficient service. Very satisfied.,False,17
Alaska Airlines,846165be-a63a-4935-adc0-1b6c68452d15,Zahra Fernandez,2025-04-29,5,No delays which is always appreciated. Seats were a bit cramped.,True,0
Alaska Airlines,43e68463-ee09-4505-bc54-88c23768b63c,Kabir Kumar,2025-04-15,5,Easy online booking and smooth check-in process. No issues.,True,5
Alaska Airlines,0df9b0a6-2601-4a94-9820-1bdb1218b09d,Aarav Garcia,2025-04-12,5,No delays which is always appreciated. Seats were a bit cramped.,True,4
Alaska Airlines,4982c319-95a6-4c96-aac9-0710ce58466a,Ming Petrov,2025-06-21,5,Decent flight overall. Nothing exceptional but no major complaints.,True,10
Alaska Airlines,c79024f4-5928-4650-afdc-f1aae32c5a75,Amelia Flores,2025-05-19,5,The boarding process was organized and stress-free. Nice experience.,True,3
Alaska Airlines,30ee5fb0-367f-4641-8ce7-9e8a2c3ffb09,Arjun Gomez,2025-07-30,5,Professional crew and well-maintained aircraft. Great value for money.,True,5
Alaska Airlines,6d077002-f9b5-4101-abc4-03bd40871a8d,William Farooq,2025-02-12,5,Great leg space and the meal service exceeded expectations.,True,6
Alaska Airlines,6baaa9f7-bd07-4054-9be1-cda586d5ae98,Sakura Bennett,2024-07-15,5,The captain provided excellent updates throughout the flight.,False,9
Alaska Airlines,fb44f7e7-6590-40de-b764-9b899a418328,Malik Brooks,2025-11-21,3,The boarding process was organized and stress-free. Nice experience.,True,4
Alaska Airlines,9ca36690-1188-4545-b55f-78d5986843c4,Tariq Qureshi,2025-04-10,3,The plane was older but clean. Service was adequate.,True,4
Alaska Airlines,4827e45a-d2c3-4ead-a978-30150f2050e8,Omar Gupta,2025-02-26,4,Acceptable legroom for a short flight. Snacks were basic.,True,6
Alaska Airlines,bc8baf6b-b6f5-47e7-a50e-91defb8c0e3b,Christopher Patel,2025-08-18,5,Professional crew and well-maintained aircraft. Great value for money.,True,31
Alaska Airlines,6cf3e784-8b20-4075-ac9e-cc9f769aae56,Raj Lee,2024-05-12,4,The plane was older but clean. Service was adequate.,True,10
Alaska Airlines,b007ac34-5ee7-4d41-bba6-cb35672e5884,Miguel Singh,2024-11-09,4,Acceptable legroom for a short flight. Snacks were basic.,True,8
Alaska Airlines,771798f4-8343-4e37-9545-b3c44c3d9842,DeAndre Bennett,2025-09-17,3,The staff went above and beyond to accommodate my needs. Highly recommended.,False,14
Alaska Airlines,37812c82-ec0a-4497-a50d-bb3907226427,Li Flores,2024-05-24,4,Excellent service from start to finish. The crew was friendly and professional.,True,3
Alaska Airlines,82ddabdb-80e2-461f-9f88-46b1b2e04709,Rohan Garcia,2025-06-10,4,Seats were uncomfortable for a long flight but arrived safely.,True,15
Alaska Airlines,9cf46e1a-c95d-46e9-b1da-a3872b76cef9,Kabir Moore,2025-03-30,5,Decent flight overall. Nothing exceptional but no major complaints.,True,2
Alaska Airlines,cd9f7bc4-7b41-45e1-b9fa-9590d8e25c01,Nikhil Park,2025-08-11,4,The flight was delayed but the crew handled it professionally.,True,28
Alaska Airlines,80d6598a-e12b-459d-b2ad-63729b173d35,Kenji Thomas,2025-11-09,4,Decent value for a budget airline. Set expectations accordingly.,True,4
Alaska Airlines,1e84e803-2e75-4f45-a0dd-69a7b654d42b,Aryan Kumar,2024-10-31,5,Great leg space and the meal service exceeded expectations.,True,4
Alaska Airlines,861247eb-ec41-4798-bc6c-395297ece30b,Christopher Rahman,2024-06-20,5,In-flight WiFi worked perfectly. Appreciated the complimentary snacks.,True,28
Alaska Airlines,7f5a13a9-275d-4038-b628-89d436af74bd,Juan Qureshi,2025-06-07,5,Spacious legroom even in economy class. Very impressed overall.,True,19
Alaska Airlines,2dbe689c-4ddb-4994-b895-1857e1cd83c2,Luis Qureshi,2024-02-17,5,Excellent service from start to finish. The crew was friendly and professional.,True,2
Alaska Airlines,09a4c6cd-63ad-4d0e-9eae-650518535519,Sakura Rahman,2025-09-14,4,WiFi didn't work properly but arrived on schedule.,True,2
Alaska Airlines,293c6dee-ee5a-47aa-bcf9-b3d3132294f1,Thomas Petrov,2025-03-23,3,No delays which is always appreciated. Seats were a bit cramped.,True,6
Alaska Airlines,38c32245-0413-461a-82f5-5c4d6d3e5e7d,Lucia Smith,2024-10-23,4,Great experience flying with this airline. Will book again.,False,7
American Airlines,e1916f81-5aaa-49fa-8705-1ce4596de231,Riya Lopez,2024-09-02,4,"The crew was okay, but the entertainment options were limited.",True,10
American Airlines,27799366-5195-475a-80a2-68570511153f,Thomas Adeyemi,2024-07-11,4,Boarding was chaotic but once in the air everything was fine.,True,50
American Airlines,3c87f893-4fba-4f6c-bcea-9b72f72b9d57,Riya Li,2024-07-10,4,Customer service could be friendlier but flight was on time.,True,6
American Airlines,09777666-27a5-4686-8696-a837e37ab546,Jin Bennett,2025-10-29,5,The captain provided excellent updates throughout the flight.,True,45
American Airlines,b0e70c95-d8ea-47b7-be48-4c9db01742d3,Robert Rodriguez,2025-09-11,3,The captain provided excellent updates throughout the flight.,True,5
American Airlines,4b41b9fc-f307-4021-8ee9-2e84aca360f8,Nia Lopez,2025-04-26,3,Impressed by the cleanliness and comfort. Worth the price.,False,40
American Airlines,c60f6809-3fc6-41fb-9853-eeab7453a151,Aaliyah Garcia,2025-10-06,4,Ground staff and flight attendants were all very helpful.,False,21
American Airlines,4a2a6d1a-d7db-4346-abd8-0e1d1579c664,Michael Petrov,2025-03-31,4,The staff went above and beyond to accommodate my needs. Highly recommended.,True,5
American Airlines,7d52fc5a-e55e-49d2-ad7e-99d3c0fadf23,Amina Diaz,2024-12-27,3,Great experience flying with this airline. Will book again.,True,5
American Airlines,f6dc4b4e-b844-4f91-9394-f7990066ed28,Mia Henderson,2025-03-31,5,WiFi didn't work properly but arrived on schedule.,True,2
American Airlines,b37784e7-f5d6-4e78-9b51-977ee69a195d,Emily Shah,2024-01-08,4,Baggage fees seemed excessive but overall flight was acceptable.,True,44
American Airlines,2c319e20-e0fb-4e43-ad2b-32530590368f,Mia Rossi,2024-04-21,5,Acceptable legroom for a short flight. Snacks were basic.,True,33
American Airlines,d10cb3ba-15fe-4261-9d1b-2fc5c42f0068,Ana Santos,2025-02-21,4,The captain provided excellent updates throughout the flight.,False,9
American Airlines,be23253d-34a0-432e-842c-d3c103f3eb7d,Siddharth Davis,2024-06-09,5,Seats were uncomfortable for a long flight but arrived safely.,True,1
American Airlines,5e7d0c72-2953-4437-b1ad-1c9b14cf67b9,Miguel Abbas,2024-06-17,4,The boarding process was organized and stress-free. Nice experience.,True,12
American Airlines,8addfe14-a84c-4aef-9087-3485890af3d0,Carlos Siddiqui,2024-12-07,4,The staff went above and beyond to accommodate my needs. Highly recommended.,True,10
American Airlines,fbf496bb-33f7-4324-ac79-1a594187c227,Maria Flores,2025-01-19,4,Appreciated the extra amenities provided in economy class.,True,11
American Airlines,eaff4cb8-cf3d-4583-84e6-7a2a2d2388dd,Kavya Fernandez,2024-08-16,5,The flight was delayed but the crew handled it professionally.,True,8
American Airlines,d7f52c3c-fdff-4080-8484-5043c14575f8,Carmen Patel,2024-12-28,5,The plane was older but clean. Service was adequate.,True,3
American Airlines,0e06500e-5432-4747-95c1-fe1f10425ee0,Aryan Miller,2025-11-07,5,Great leg space and the meal service exceeded expectations.,True,8
American Airlines,de021d99-328a-4f79-bf75-379565e3bc36,Emily Washington,2024-07-28,5,The flight was delayed but the crew handled it professionally.,True,4
American Airlines,a8bd966f-bea5-4c41-9c11-43464f873478,Kofi Sullivan,2025-06-13,3,Flight was on time but seats could be more comfortable.,True,6
American Airlines,a5d87ebe-9003-49c7-a90a-8eda69a3fb64,DeAndre Cruz,2024-04-01,5,Appreciated the extra amenities provided in economy class.,True,20
American Airlines,13d7105a-dd84-462d-8649-35fa737c5e4f,Pawan Sanchez,2024-05-29,5,The captain provided excellent updates throughout the flight.,False,24
American Airlines,da9f21e2-633c-4887-a7cc-7552f7145ae3,Ahmed Washington,2025-05-30,5,Decent value for a budget airline. Set expectations accordingly.,True,7
American Airlines,581b3c0a-544c-4895-be15-90ded6dcdfad,Amara Li,2025-08-10,4,Baggage fees seemed excessive but overall flight was acceptable.,True,0
American Airlines,70bd4bfc-03e8-4fc1-9acc-9b1dca4665d4,Mia Watanabe,2025-08-31,4,Got me from A to B safely. Can't ask for much more than that.,True,41
American Airlines,2573770e-f44c-40af-8b7c-593ed0dce222,Akiko Khan,2024-05-23,5,Limited overhead space made boarding challenging. Otherwise okay.,False,48
American Airlines,0235d578-bf58-4f83-9e1f-73ceb318a7ec,Diego Reyes,2024-10-30,4,Great leg space and the meal service exceeded expectations.,False,0
American Airlines,7a44027a-d09f-4728-a162-d88e7240871b,James Silva,2025-07-16,4,Limited overhead space made boarding challenging. Otherwise okay.,True,44
American Airlines,461a3414-7006-437a-a4b5-186afef6727e,Zuri Romano,2024-11-14,4,No delays which is always appreciated. Seats were a bit cramped.,True,3
American Airlines,abe396c1-0630-4d0c-a83e-d06ee2ca1468,Nikhil Rivera,2024-04-01,5,Ground staff and flight attendants were all very helpful.,True,0
American Airlines,c4c1bf9d-b89f-492a-9115-3f0f0ba3befc,Marcus Cruz,2024-05-06,4,Customer service could be friendlier but flight was on time.,False,4
American Airlines,d8948c3c-7fae-4d96-9c64-bd5a535f4e70,Robert Cruz,2025-11-06,4,In-flight WiFi worked perfectly. Appreciated the complimentary snacks.,True,8
American Airlines,7692394b-2766-470a-a84c-95531731b15a,Kofi Adeyemi,2025-03-15,5,Excellent service from start to finish. The crew was friendly and professional.,True,28
American Airlines,921b470e-5b06-44db-a460-f82296b94d17,Ming Malik,2025-04-30,4,Temperature in the cabin was too cold but otherwise standard flight.,True,0
American Airlines,ad57d690-b917-439e-8a3e-8d13f908c44b,Jamal Liu,2024-02-14,3,Flight was on time but seats could be more comfortable.,False,5
American Airlines,29f375ab-317c-4646-a931-57f58f4afc4e,Kenji O'Brien,2024-06-13,4,The new aircraft was modern and comfortable. Enjoyed the flight.,True,5
American Airlines,006feac4-6542-4662-a9da-6c05099625f4,Tariq Zhao,2024-04-24,4,Limited overhead space made boarding challenging. Otherwise okay.,True,16
American Airlines,86dbbbb3-cf46-4c79-b820-4476354a37ae,Priya Singh,2024-10-09,4,Great leg space and the meal service exceeded expectations.,True,21
American Airlines,a0c973e0-aff8-4f75-940f-64937bdbe526,Jose Morales,2025-04-13,4,"The crew was okay, but the entertainment options were limited.",True,3
American Airlines,03245a6d-3644-4ce7-94bc-683622d27ff9,Nikhil Gupta,2023-12-18,4,Temperature in the cabin was too cold but otherwise standard flight.,True,0
American Airlines,73a50479-b6ab-47d5-874e-601b7b939d39,Antonio Shah,2025-04-15,4,Easy online booking and smooth check-in process. No issues.,True,4
American Airlines,187910a6-bf8b-4fb1-aa6f-8ff71a494e0a,Malik Williams,2025-09-15,3,Decent value for a budget airline. Set expectations accordingly.,True,23
American Airlines,34332eb2-6460-45cb-b975-a261de465a0c,Charles Yang,2025-10-03,5,Food options were disappointing but flight was smooth.,True,9
American Airlines,afe8f65d-10ad-4152-a48f-51d1f7c66eba,Siddharth Hernandez,2024-10-21,4,No delays which is always appreciated. Seats were a bit cramped.,True,0
American Airlines,dfef838d-1f4a-4bb2-925a-065f249d58ad,Aaliyah Silva,2024-09-28,5,Spacious legroom even in economy class. Very impressed overall.,True,4
American Airlines,aaf4dab2-14a3-43c1-ac29-7d34ac53be2f,Tyrone Mwangi,2024-07-18,4,Comfortable seats and great in-flight entertainment. Would fly again!,True,35
American Airlines,cdc53e18-6b2c-46f4-8e4f-23af2dded8c3,Wei Ali,2025-01-28,3,Great leg space and the meal service exceeded expectations.,False,9
American Airlines,864bb6bc-a88a-4e52-841e-a5657463b200,Kofi O'Brien,2024-04-07,4,Impressed by the cleanliness and comfort. Worth the price.,True,15
American Airlines,8289d4d4-435e-4767-8fee-e31f35c46820,Ali Mwangi,2024-08-16,3,The boarding process was organized and stress-free. Nice experience.,True,0
American Airlines,28f49705-27a5-40f1-b1ec-696ef6274972,Harper Ibrahim,2024-08-10,5,Decent value for a budget airline. Set expectations accordingly.,True,3
American Airlines,3c7c31f4-1c30-462a-a453-c1bf90522a92,Mia Reddy,2024-05-27,5,Quick boarding and efficient service. Very satisfied.,False,5
American Airlines,be3c5429-d03a-45ad-bfcc-7db61ab5cc5c,Olivia Cruz,2025-06-03,4,In-flight WiFi worked perfectly. Appreciated the complimentary snacks.,False,18
American Airlines,0c557319-5657-4d13-a497-1b9bf04a82eb,Meera Henderson,2025-10-26,5,Ground staff and flight attendants were all very helpful.,True,0
American Airlines,43a4149a-fe8e-49e3-9235-8551e51ee654,Joseph Sullivan,2025-04-29,5,Acceptable legroom for a short flight. Snacks were basic.,True,9
American Airlines,7ccd1783-9bd1-4c4b-92c6-bd25d4bce6cf,Isabel Costa,2024-04-09,3,Boarding was chaotic but once in the air everything was fine.,True,10
American Airlines,4a919548-7aa3-40c0-8b1c-758f88ed69ec,Isabella Patel,2025-07-25,5,Acceptable legroom for a short flight. Snacks were basic.,True,4
American Airlines,45ce01d7-446f-43f8-8c8b-2de4e1905e87,Sakura Sullivan,2024-10-09,3,Spacious legroom even in economy class. Very impressed overall.,True,8
American Airlines,8d229646-e6a0-463b-baf3-72ef6db03b96,Shreya Alves,2024-06-06,5,Smooth flight with no delays. Check-in process was efficient.,True,9
American Airlines,99a49f88-4b58-449d-b77a-08d96bf8a4f5,Abigail Lopez,2025-07-12,4,The flight was delayed but the crew handled it professionally.,True,4
American Airlines,8e098162-9a47-481b-b3c7-aa88324c7831,Shanice Gutierrez,2024-07-31,4,The captain provided excellent updates throughout the flight.,True,5
American Airlines,4538fc2d-b49a-4ce0-94e3-89e7cdab2eb4,Fatima Romano,2025-10-30,5,The plane was older but clean. Service was adequate.,True,8
American Airlines,af409e9a-e4c1-4aa1-9c14-13673135ed87,Pawan Okafor,2025-07-27,4,Decent value for a budget airline. Set expectations accordingly.,False,8
American Airlines,dfd5f403-7660-4174-9c7f-12b76966c3df,Zahra Adeyemi,2024-11-08,4,The captain provided excellent updates throughout the flight.,True,0
American Airlines,6f346bcc-4c79-4ecd-8c6e-5658ee73d32b,Shanice Brown,2024-08-18,3,Seats were uncomfortable for a long flight but arrived safely.,True,18
American Airlines,487f23c7-25a7-4b2f-a936-60f142ddf40c,Valentina Huang,2024-02-16,4,The staff went above and beyond to accommodate my needs. Highly recommended.,True,34
American Airlines,0734f0bc-85a6-4c4a-b9ec-71dbba24a07b,Daniel Jackson,2024-02-20,5,Customer service could be friendlier but flight was on time.,False,13
American Airlines,31ab88fe-6a89-4ac4-b9f5-5b8db00f6a5c,Carlos Kumar,2024-03-01,5,Limited overhead space made boarding challenging. Otherwise okay.,False,6
American Airlines,170103ad-ff17-469d-b5ea-8097f952abba,James Nkrumah,2024-10-02,5,The staff went above and beyond to accommodate my needs. Highly recommended.,True,8
Delta,e147c4bd-e85f-4be9-a21b-29a6ca4f79f6,Charles Okafor,2024-10-31,3,Decent flight overall. Nothing exceptional but no major complaints.,True,9
Delta,28bd3a6a-2174-47f0-9296-0eca317073d9,Jamal Kumar,2025-02-17,3,The captain provided excellent updates throughout the flight.,True,46
Delta,52587206-e630-4e30-8bce-dbc70b715761,Kofi Santos,2024-09-04,5,Clean aircraft and pleasant atmosphere. Food was surprisingly good.,False,6
Delta,16fea34b-3fd3-46fb-871b-b59d1da81be7,Joseph Lopez,2025-05-19,4,The staff went above and beyond to accommodate my needs. Highly recommended.,True,6
Delta,045a8f1f-882d-4132-a52f-55c3f2f6c7b9,Ming Ansari,2025-05-04,5,The plane was older but clean. Service was adequate.,True,2
Delta,c0b5c93a-26b1-4082-8823-8a2130319289,Omar Zhang,2024-08-12,5,Excellent service from start to finish. The crew was friendly and professional.,False,5
Delta,ed4d1915-9f5a-4aec-9772-19e91ce3d819,Aaliyah Petrov,2025-03-03,3,Decent value for a budget airline. Set expectations accordingly.,False,5
Delta,22dc9ba5-d55c-4e38-90ba-5bc4a6f3c432,Emily Takahashi,2024-08-19,4,Customer service could be friendlier but flight was on time.,True,35
Delta,af409e9a-e4c1-4aa1-9c14-13673135ed87,Pawan Okafor,2025-11-04,3,In-flight WiFi worked perfectly. Appreciated the complimentary snacks.,True,17
Delta,0867bcb2-07bb-49ac-822c-6389905b9844,William Kamau,2025-02-21,5,Professional crew and well-maintained aircraft. Great value for money.,True,5
Delta,b5245f32-a273-44c8-841b-3ccb01cc6a7c,Aryan Sharma,2024-08-25,4,On-time departure and arrival. Baggage claim was quick and easy.,False,1
Delta,a7767fef-631d-4323-ab23-bdbf9e691ada,Andrew Perez,2024-09-08,3,The boarding process was organized and stress-free. Nice experience.,False,4
Delta,dc4a2fce-2941-45a9-993f-fd8863e34015,Maria O'Brien,2024-02-13,4,Professional crew and well-maintained aircraft. Great value for money.,True,4
Delta,a2f17e3c-95f2-4e47-9b8e-8bf9f8302f99,Yasmin Reyes,2025-08-02,5,Quick boarding and efficient service. Very satisfied.,True,2
Delta,7d9c81a0-ae93-4e34-a1ba-ec2c1d684be2,Sofia Diaz,2024-10-13,5,The new aircraft was modern and comfortable. Enjoyed the flight.,True,38
Delta,691f1252-9ac5-4613-a06f-9c45436f21fe,Aryan Ahmed,2024-03-03,5,On-time departure and arrival. Baggage claim was quick and easy.,False,17
Delta,61aac303-fbb2-4bd2-b9e0-a70f386b7732,Li Rivera,2024-12-31,5,Great leg space and the meal service exceeded expectations.,True,0
Delta,1f02b60a-e378-46de-a5ce-3434ce08e782,Pawan Nkrumah,2024-06-18,4,Boarding was chaotic but once in the air everything was fine.,True,5
Delta,dfd38d90-8992-4216-894c-73e8e486869d,Rohan Torres,2025-05-24,5,The boarding process was organized and stress-free. Nice experience.,False,10
Delta,15963ba3-e03f-4db3-9c47-a2c748e2abbb,Maria Miller,2025-08-31,4,Boarding was chaotic but once in the air everything was fine.,False,17
Delta,7b60cef4-df14-4fad-86f1-fe177639b5fe,Pawan Hussein,2024-12-30,5,Seats were uncomfortable for a long flight but arrived safely.,True,7
Delta,0bb220b8-8148-4b3e-ac9b-cbfe3c98bbfb,Amina Qureshi,2024-08-18,4,Decent flight overall. Nothing exceptional but no major complaints.,True,6
Delta,68e09a7b-d4f5-4629-85d4-9534234c3ee9,Valentina Yang,2024-11-08,4,Professional crew and well-maintained aircraft. Great value for money.,False,6
Delta,82a8d754-f2be-48b8-be53-e61212e8e811,Jin Khan,2024-09-12,3,On-time departure and arrival. Baggage claim was quick and easy.,True,1
Delta,fb5642ed-8907-4995-80ff-cc8e3dcb1b71,Amara Choi,2024-02-15,5,Boarding was chaotic but once in the air everything was fine.,True,5
Delta,97fa6662-5ffe-4f62-a7c5-ddee976555b3,Wei Perez,2024-01-26,5,The staff went above and beyond to accommodate my needs. Highly recommended.,False,9
Delta,ccd55653-f433-488c-90c0-c97471e35d57,DeAndre Costa,2025-11-20,4,Decent flight overall. Nothing exceptional but no major complaints.,True,7
Delta,7c812743-c2a9-4c01-81b7-be2d850a5bc7,Sophia Chen,2024-09-05,5,Seats were uncomfortable for a long flight but arrived safely.,True,2
Delta,8798046d-4d1b-4a3c-8e41-a8dddb79d644,Matthew Takahashi,2024-03-08,5,The boarding process was organized and stress-free. Nice experience.,True,8
Delta,59656d44-f2b4-4569-8dc2-4228d823bed0,Valentina Sheikh,2025-10-12,5,Flight was on time but seats could be more comfortable.,True,10
Delta,86dbbbb3-cf46-4c79-b820-4476354a37ae,Priya Singh,2025-10-27,4,Great leg space and the meal service exceeded expectations.,True,2
Delta,75e33fda-b9b2-47fb-8280-c900828d6b19,Tyrone Banda,2023-12-01,5,WiFi didn't work properly but arrived on schedule.,True,8
Delta,0afde57a-ae02-43c1-917c-d642d50c71d3,Kavya Santos,2024-02-15,4,The captain provided excellent updates throughout the flight.,True,16
Delta,e46bbda1-b56f-41f6-8162-35aeb57145c2,Rohan Ferrari,2025-05-23,5,Excellent service from start to finish. The crew was friendly and professional.,True,4
Delta,095824ea-ff04-4408-bcd4-3f86d5703e5d,Juan Torres,2025-08-09,5,Customer service could be friendlier but flight was on time.,True,35
Delta,7500b9dc-5d6c-4e45-bb91-d2de05035283,Joseph Rivera,2024-07-12,5,Baggage fees seemed excessive but overall flight was acceptable.,False,2
Delta,2eda6980-efc0-4b81-ba1c-dd70ebeb2207,Charles Rossi,2024-07-13,5,Comfortable seats and great in-flight entertainment. Would fly again!,False,47
Delta,92429347-c8c1-4823-8caf-468fd971d770,Shreya Shah,2024-02-21,5,Seats were uncomfortable for a long flight but arrived safely.,True,3
Delta,8642a071-4ea7-466f-96e5-c55851cbda08,Christopher Gupta,2025-06-21,5,Quick boarding and efficient service. Very satisfied.,False,10
Delta,8e107f8c-5dc8-4d25-8e27-c77052b39624,Ahmed Kumar,2024-12-16,3,Seats were uncomfortable for a long flight but arrived safely.,True,4
Delta,c34d806a-eb80-46d9-9ef3-81b34ae38783,Miguel Banda,2025-08-14,4,Professional crew and well-maintained aircraft. Great value for money.,True,4
Delta,81e6a20a-c265-4c2a-bd90-d693ca303345,Juan Sharma,2024-05-19,4,Food options were disappointing but flight was smooth.,True,5
Delta,b5ccc911-384e-4baa-9cab-a2b351f1898a,Hiroshi Sharma,2025-05-03,4,Ground staff and flight attendants were all very helpful.,True,0
Delta,a2fb421e-3f7a-4ec0-b413-6001413b76d1,Ali Hassan,2024-03-19,5,Decent flight overall. Nothing exceptional but no major complaints.,True,35
Delta,3256ade8-c710-4fb9-8821-4c395c16c4d6,Kabir Alves,2025-06-06,5,Decent value for a budget airline. Set expectations accordingly.,True,9
Delta,92b225bf-e069-4217-853d-cda890a4e669,Valentina Costa,2024-03-27,5,In-flight WiFi worked perfectly. Appreciated the complimentary snacks.,True,0
Delta,6949805b-d4fc-4f44-965c-623618629a12,Marcus Ferrari,2025-09-21,5,Great experience flying with this airline. Will book again.,True,18
Delta,5d8cdb97-efa3-466a-b557-eb2b9c96c791,Nikhil Taylor,2025-09-07,5,Temperature in the cabin was too cold but otherwise standard flight.,True,49
Delta,ab16599d-053f-4631-a565-9fb1f35545b2,Emily Mwangi,2024-02-19,4,Temperature in the cabin was too cold but otherwise standard flight.,True,8
Delta,f5f37b29-f8b5-4816-b446-cfaaa3c953ce,Shanice Reddy,2025-06-21,3,Quick boarding and efficient service. Very satisfied.,True,5
Delta,6aa5b204-11b7-442b-b526-2da7ed9eae2f,Pawan Fernandez,2024-12-30,5,Acceptable legroom for a short flight. Snacks were basic.,True,9
Delta,6a5145bc-90d1-4014-82b5-f9c1980dcf0a,Emma Santos,2025-04-29,4,Excellent service from start to finish. The crew was friendly and professional.,True,4
Delta,5154a5f7-ebac-4974-8ddf-4515a273431c,Hassan O'Brien,2025-04-17,4,Great experience flying with this airline. Will book again.,True,9
Delta,ac3847dd-d20e-410f-8dd7-6177c99ab732,Akiko Hassan,2024-08-14,4,Excellent service from start to finish. The crew was friendly and professional.,True,46
Delta,21b68781-d92d-4e01-82b0-6159531e6eb1,Vikram O'Brien,2024-04-27,5,Quick boarding and efficient service. Very satisfied.,True,19
Delta,636c2637-3902-4657-bc25-7d2f180bd15c,Nia Kowalski,2025-03-24,3,Acceptable legroom for a short flight. Snacks were basic.,True,1
Delta,f134e8d5-62f9-40e6-ae4f-9df7fdc10831,Aaliyah Kim,2025-05-30,4,The boarding process was organized and stress-free. Nice experience.,False,9
Delta,97e5e425-6d14-4950-b118-f1ee31913ebb,Priya Gutierrez,2025-08-08,4,Clean aircraft and pleasant atmosphere. Food was surprisingly good.,True,10
Delta,c3be53c9-c548-4965-a0b7-edc9ab568c9f,Yasmin Anderson,2025-03-19,5,WiFi didn't work properly but arrived on schedule.,True,5
Delta,537e71c7-0a5f-407f-b6e6-ceffd76d0454,Juan Barnes,2025-03-07,3,Great leg space and the meal service exceeded expectations.,True,0
Delta,3c94994d-93b9-4b9c-bf29-6f2efe9f2f9f,Layla Jefferson,2024-07-23,4,Smooth flight with no delays. Check-in process was efficient.,True,37
Delta,5e66e6d6-6b65-4dfd-969e-5cd4430b8e4b,Ana Gomez,2024-07-12,5,Acceptable legroom for a short flight. Snacks were basic.,True,9
Delta,5f5328b4-6694-4bd2-87f6-9e1685e5c8de,Tariq Perez,2025-09-02,4,Got me from A to B safely. Can't ask for much more than that.,True,2
Delta,3c94d5cc-b421-438b-bef5-63ff193c3cee,Karim Coleman,2024-10-18,5,"The crew was okay, but the entertainment options were limited.",True,24
Delta,2e64079c-9119-4693-8a49-67a5293dbf38,Zahra Zhang,2024-01-21,5,Average experience. The price was reasonable for what you get.,True,6
Delta,38253eeb-9862-4cbb-9239-bee812bc2bc3,Ali Kamau,2024-07-29,3,The captain provided excellent updates throughout the flight.,True,28
Delta,00375037-60aa-42dc-9bea-b6ecdcf3c691,DeAndre Russo,2025-05-05,5,No delays which is always appreciated. Seats were a bit cramped.,True,2
Delta,7370bd38-479b-4726-9a6a-ac062b888066,Riya Murphy,2025-03-13,5,The entertainment system had issues but crew was helpful.,True,0
Delta,987cef4e-f5db-4f96-ac76-1f2efebc3334,Sophia Henderson,2024-01-27,3,The staff went above and beyond to accommodate my needs. Highly recommended.,True,8
Delta,f0fcf5dd-5403-4479-a5e6-87fe482f04aa,Ali Zhang,2024-09-05,5,Impressed by the cleanliness and comfort. Worth the price.,True,0
Delta,ad988384-2f3f-4599-a0ea-900e87d7dbb7,Tyrone Garcia,2025-03-15,5,Acceptable legroom for a short flight. Snacks were basic.,True,20
Delta,b8936362-ef56-4a68-81f2-1c1eeb174d03,Amara Suzuki,2024-10-15,5,In-flight WiFi worked perfectly. Appreciated the complimentary snacks.,True,5
Delta,adaeeaca-58dc-4d3b-9da9-2a8e941cb529,Francisco Alves,2025-10-10,4,Ground staff and flight attendants were all very helpful.,True,6
Delta,ac3847dd-d20e-410f-8dd7-6177c99ab732,Akiko Hassan,2024-06-26,4,Average experience. The price was reasonable for what you get.,True,7
Delta,0e6b0944-bd9f-47a4-924f-3533b04b9eda,Ava Perez,2023-12-17,4,The captain provided excellent updates throughout the flight.,True,14
Delta,abf65383-eff8-4381-bb16-58a9421a1700,Raj Sanchez,2025-09-22,3,Got me from A to B safely. Can't ask for much more than that.,True,35
Delta,2e1135da-6695-4a97-aa1f-21461fd0cfd7,Charlotte Hassan,2025-07-24,4,Appreciated the extra amenities provided in economy class.,True,7
Delta,a13f9efd-9f08-42c6-af22-9a240942827e,Tariq Abbas,2024-10-08,4,Ground staff and flight attendants were all very helpful.,False,6
Delta,f850a313-b944-45df-85cc-19f8845300b4,Juan Gomez,2024-09-08,4,Baggage fees seemed excessive but overall flight was acceptable.,True,3
Delta,dca7d043-d8af-4cdb-b7ba-6e6475a74c8f,Robert Patel,2024-03-17,4,Seats were uncomfortable for a long flight but arrived safely.,True,0
Delta,7b5a8b1a-08c9-4410-8583-ea0926ea1a1c,Sophia Anderson,2024-11-08,5,Great experience flying with this airline. Will book again.,True,1
Delta,7fa737c5-9834-4a6b-94e6-1ed48f8ecd6f,Destiny Diaz,2024-04-02,3,Great experience flying with this airline. Will book again.,True,26
Delta,9ec265f3-b3c4-4b36-b2c1-46aac196b7f0,Charlotte Gomez,2025-07-11,4,The captain provided excellent updates throughout the flight.,False,9
Delta,a9714666-d961-43d8-bada-91e724577680,Yasmin Mwangi,2024-11-08,5,Decent flight overall. Nothing exceptional but no major complaints.,True,10
Delta,7414101d-c5aa-464f-b2b3-11efecf027ab,Marcus Otieno,2024-11-21,4,The boarding process was organized and stress-free. Nice experience.,False,8
Delta,a0b88655-9d38-46cd-a63b-ddb5e462bef2,Omar Ibrahim,2025-11-08,4,Appreciated the extra amenities provided in economy class.,False,1
Frontier,d03cd15f-71c8-4ebf-a36c-29130013b730,Tyrone Kowalski,2025-07-29,4,Great experience flying with this airline. Will book again.,True,4
Frontier,275c8d0b-a3f5-4430-b2c3-ea1f43e40756,Evelyn Rivera,2024-06-15,5,The new aircraft was modern and comfortable. Enjoyed the flight.,True,7
Frontier,f375222a-4447-4af3-b8d1-e3621b0f7df0,Joseph Kowalski,2025-03-20,5,Temperature in the cabin was too cold but otherwise standard flight.,True,4
Frontier,0913d4e6-c0db-444b-9df2-85e979c6de6b,Michael Williams,2025-04-12,5,Quick boarding and efficient service. Very satisfied.,True,4
Frontier,b9006a4e-32f8-49e2-9413-678e04432820,Amara Sullivan,2024-04-21,5,Great experience flying with this airline. Will book again.,True,2
Frontier,0dd6eb8f-f6b6-4056-a686-c803598c3301,Nia Ahmed,2024-02-14,5,Customer service could be friendlier but flight was on time.,True,10
Frontier,6c91cb1c-ce93-4b3a-9522-c67dc1d47bee,James Adeyemi,2024-10-27,5,No delays which is always appreciated. Seats were a bit cramped.,False,45
Frontier,07d6fe11-26ef-488f-baf7-f0ad67e8a647,Isabella Rodriguez,2025-05-13,5,In-flight WiFi worked perfectly. Appreciated the complimentary snacks.,True,10
Frontier,19efe9a6-4cc8-441d-ab93-0088a4dbd58f,Sophia Zhao,2024-02-01,5,The new aircraft was modern and comfortable. Enjoyed the flight.,False,6
Frontier,7532eea2-cd5f-4bca-b4ce-a2c07e9a93c1,David Wang,2023-12-12,5,WiFi didn't work properly but arrived on schedule.,True,10
Frontier,afbc4f88-32f2-42c6-88a4-85044d6ff6e0,Omar Morales,2025-10-04,4,Clean aircraft and pleasant atmosphere. Food was surprisingly good.,True,20
Frontier,77b8c177-38ab-4070-9b38-df4ae3f043c5,Wei Sanchez,2024-06-29,5,Professional crew and well-maintained aircraft. Great value for money.,True,5
Frontier,14fca1f8-7f66-4c5d-b111-e17f88c0c5a5,Luis Kumar,2024-02-09,5,Quick boarding and efficient service. Very satisfied.,True,3
Frontier,f2d80125-9053-497c-9db3-55bd27ef4666,Marcus Rahman,2024-12-29,4,Clean aircraft and pleasant atmosphere. Food was surprisingly good.,True,41
Frontier,b2418ffe-10c9-406e-8f4d-7208bfa93c34,Valentina Liu,2024-01-25,4,In-flight WiFi worked perfectly. Appreciated the complimentary snacks.,True,18
Frontier,538452e0-cd60-4a85-b8f7-a67dab0b8dbb,Amara Watanabe,2025-10-26,5,Seats were uncomfortable for a long flight but arrived safely.,True,8
Frontier,2d6f4c0a-a8f5-4996-8d74-3fa8fcf7cb89,Samir Cruz,2025-04-13,5,No delays which is always appreciated. Seats were a bit cramped.,True,6
Frontier,3d0902db-2283-4c8d-a654-c50cd2be8506,Yuna Taylor,2024-09-17,4,The boarding process was organized and stress-free. Nice experience.,True,17
Frontier,fad527ce-d4e6-41ad-bc6c-23a4fd990843,Luis Kowalski,2024-11-08,4,The crew made a long flight enjoyable with their warm service.,False,4
Frontier,4160b435-64f3-46a6-a9ab-6e9843f1578c,Michael Davis,2024-04-08,5,Comfortable seats and great in-flight entertainment. Would fly again!,True,1
Frontier,b25d0587-fd25-403a-8f6a-c377a0bbe7f6,Francisco Ibrahim,2024-10-08,5,The crew made a long flight enjoyable with their warm service.,True,1
Frontier,9e1fab75-9997-43eb-8da5-3a0e1f582d79,Karim Fernandez,2024-10-25,5,Decent value for a budget airline. Set expectations accordingly.,True,9
Frontier,f6196b52-6d67-45a2-a691-da6b093191e6,Priya Kumar,2025-05-19,3,Acceptable legroom for a short flight. Snacks were basic.,True,34
Frontier,8427b862-85ff-4fbd-9584-e05a06dcddf1,Layla Davis,2024-03-01,5,Temperature in the cabin was too cold but otherwise standard flight.,True,1
Frontier,3aa43ef2-49f9-40b4-a5be-8b0d73d6eeb4,Amina Coleman,2025-03-02,5,Baggage fees seemed excessive but overall flight was acceptable.,True,2
Frontier,d1d017ca-85a0-4bf7-855d-a356a97b58b7,Zahra Silva,2025-07-13,4,Excellent service from start to finish. The crew was friendly and professional.,True,39
Frontier,816b2a20-94f1-4cef-9885-2f3032e3e38c,Isabella Suzuki,2024-01-13,3,The staff went above and beyond to accommodate my needs. Highly recommended.,False,1
Frontier,7e026aa3-adcc-4772-adee-4e24ab28a996,William Patel,2024-05-12,5,The entertainment system had issues but crew was helpful.,True,48
Frontier,a9383239-4d49-453c-a654-6cefe80aa970,Malik Okafor,2025-07-27,5,Decent flight overall. Nothing exceptional but no major complaints.,True,1
Frontier,5c19e4f0-2917-495d-aaaa-527bfd25fb65,Valentina Hernandez,2025-11-25,5,Boarding was chaotic but once in the air everything was fine.,True,9
Frontier,d1f9de80-c499-42cb-a497-6dc47c96e34f,Amelia Choi,2024-07-10,4,Clean aircraft and pleasant atmosphere. Food was surprisingly good.,True,44
Frontier,90a993b2-b027-4ece-8c7e-1c877a84ce31,Aryan Rossi,2025-01-07,3,Clean aircraft and pleasant atmosphere. Food was surprisingly good.,False,3
Frontier,43aecc0e-2a28-484a-acae-17466b9084b1,Juan Ali,2024-04-18,5,Appreciated the extra amenities provided in economy class.,True,13
Frontier,9755ff00-440f-448d-8c44-088531d3e1fa,Ahmed Perez,2024-03-14,3,In-flight WiFi worked perfectly. Appreciated the complimentary snacks.,True,27
Frontier,375faa8f-deb8-46cc-b6c2-421df875cec0,Emily Nkrumah,2025-06-28,4,Quick boarding and efficient service. Very satisfied.,True,3
Frontier,a74f3504-5a6d-45ad-b224-272a362a9741,Emma Silva,2025-03-23,5,Temperature in the cabin was too cold but otherwise standard flight.,True,9
Frontier,633e4735-7c85-4fc7-b4fc-c592b669640f,Francisco Hussein,2023-12-10,5,Great leg space and the meal service exceeded expectations.,True,7
Frontier,ce572fc2-9e46-46ff-9176-038859f98016,Vikram Okafor,2024-03-30,4,Decent flight overall. Nothing exceptional but no major complaints.,True,0
Frontier,2b8ffc1e-d2be-430e-9316-9b20dee8ffab,Yuna Sullivan,2024-01-17,4,Easy online booking and smooth check-in process. No issues.,True,5
Frontier,c8897689-e852-409c-8dde-b33f2cbaf7db,DeAndre Gomez,2024-07-14,4,Acceptable legroom for a short flight. Snacks were basic.,True,2
Frontier,86538dca-625a-4d9a-a989-989f3585fbc1,Karim Sanchez,2024-09-04,4,WiFi didn't work properly but arrived on schedule.,False,3
Frontier,016629e5-f1de-4ada-ac76-2c1ff837ec32,Tyrone Ali,2025-11-21,3,Impressed by the cleanliness and comfort. Worth the price.,True,3
Frontier,d549d83d-1181-4b7a-902e-bbcf161a41bf,Ming Gutierrez,2024-01-12,5,Decent flight overall. Nothing exceptional but no major complaints.,True,33
Frontier,51c4469e-835d-41a2-9be5-8c7be224330c,Andrew Thomas,2025-01-30,5,Baggage fees seemed excessive but overall flight was acceptable.,True,5
Frontier,ad874b8e-ae6d-4377-a2d1-0c125da6f3a7,Sophia Jefferson,2025-04-28,5,The captain provided excellent updates throughout the flight.,False,38
Frontier,aad4f88b-4a92-4694-b792-2ea195d4bc28,Amelia Suzuki,2024-04-21,3,Professional crew and well-maintained aircraft. Great value for money.,False,6
Frontier,11115fbc-4023-487e-96c3-46c311291057,Aaliyah Singh,2025-03-21,4,Seats were uncomfortable for a long flight but arrived safely.,False,0
Frontier,c48875b9-b552-406b-aeb0-88dfb668833d,Yuna Rivera,2025-11-30,3,The captain provided excellent updates throughout the flight.,True,34
Frontier,9e591b2d-06e1-4ad9-bb5b-287d94db3335,Luis Wood,2025-03-17,4,Great leg space and the meal service exceeded expectations.,False,28
Frontier,322e6c2d-42b9-421f-ae73-6bbd44c7662e,Ahmed Jackson,2024-12-15,5,Got me from A to B safely. Can't ask for much more than that.,True,36
Frontier,85209f00-8ccf-4cf7-bfd0-39e1861c24a3,Rosa Kamau,2024-08-06,5,Impressed by the cleanliness and comfort. Worth the price.,True,3
Frontier,2ce79f27-befc-48cb-8a90-7c280efe0a43,Omar Kowalski,2024-12-02,4,Spacious legroom even in economy class. Very impressed overall.,True,4
Frontier,098af996-92cc-464d-9e4b-f7f021e573f3,Nikhil Jackson,2025-01-08,5,Limited overhead space made boarding challenging. Otherwise okay.,True,1
Frontier,4b56d03f-c47e-43e8-8903-a1a6316c693e,Ebony Singh,2025-10-06,5,Impressed by the cleanliness and comfort. Worth the price.,True,10
Frontier,bd528e72-5e45-4872-bfcf-b4f9e453d725,Tyrone Farooq,2024-09-21,5,Got me from A to B safely. Can't ask for much more than that.,True,8
Frontier,f9442f84-2990-46cc-ad65-eb3fc304e467,Robert Rahman,2024-08-20,4,Ground staff and flight attendants were all very helpful.,True,18
Frontier,a134c608-2316-45c1-b069-1a7e9a230969,Mia Wang,2023-12-17,3,"The crew was okay, but the entertainment options were limited.",False,9
Frontier,d388b174-4490-4d30-b5f8-41bd40c1f7a1,Amara Barnes,2025-08-18,5,Spacious legroom even in economy class. Very impressed overall.,True,7
Frontier,5a5d727c-605a-49a3-8e44-27ac1713bb3c,Ali Brown,2024-03-02,4,Clean aircraft and pleasant atmosphere. Food was surprisingly good.,True,9
Frontier,cedbe65e-3818-477a-b2db-457d82f63e41,Pawan Malik,2024-11-09,4,Acceptable legroom for a short flight. Snacks were basic.,True,4
Frontier,1302a332-79ed-445a-8f2a-cdd98e8dddf4,David Watanabe,2024-03-18,4,Seats were uncomfortable for a long flight but arrived safely.,False,6
Frontier,83217ae6-2548-47c2-80be-7c3fec24b14f,Diya Bennett,2025-10-21,3,The boarding process was organized and stress-free. Nice experience.,True,7
Frontier,b30ae711-fc11-42fa-b980-14b69f649449,Siddharth Brooks,2024-07-01,4,Impressed by the cleanliness and comfort. Worth the price.,True,2
Frontier,5b3f52e2-6995-49e9-a39a-04f14f4e2851,Kavya Davis,2025-04-15,4,Average experience. The price was reasonable for what you get.,True,0
Frontier,56da3985-18e9-4dc7-9136-631aef1fad6b,Tyrone Park,2025-10-01,4,Appreciated the extra amenities provided in economy class.,True,1
Frontier,9227b6d8-645c-4cde-9ff9-4995702fe466,Christopher Coleman,2024-05-12,5,The captain provided excellent updates throughout the flight.,True,5
Frontier,2964a15f-64b9-4f39-b9ee-0a11cd043b64,Shanice Sanchez,2024-09-21,5,Boarding was chaotic but once in the air everything was fine.,True,4
Frontier,e334137b-bc54-4541-abb3-121f7eba4307,Harper Sheikh,2023-12-01,4,Average experience. The price was reasonable for what you get.,True,4
Frontier,94316aed-cd6d-456c-bd25-9a68c893aa2d,Siddharth Sullivan,2024-07-17,5,Limited overhead space made boarding challenging. Otherwise okay.,True,38
Frontier,34332eb2-6460-45cb-b975-a261de465a0c,Charles Yang,2024-09-16,5,The entertainment system had issues but crew was helpful.,True,31
Frontier,34a0c975-1855-4aad-92ff-2489331322a7,Ebony Malik,2024-06-04,5,Seats were uncomfortable for a long flight but arrived safely.,True,42
Frontier,0758587a-079c-4261-bc27-cc8385c4c6be,Meera Williams,2023-12-18,5,The entertainment system had issues but crew was helpful.,True,31
Frontier,c9de5baa-77c3-4124-b4e5-d9732de28899,Rosa Washington,2024-08-20,4,Limited overhead space made boarding challenging. Otherwise okay.,True,4
Frontier,5b24ddb0-e588-472d-95fc-f77a965b7938,Rashid Diaz,2024-09-12,4,Ground staff and flight attendants were all very helpful.,True,34
Frontier,235f331e-8670-4bd1-8815-721f9c41513e,Meera Khan,2024-08-05,5,Temperature in the cabin was too cold but otherwise standard flight.,True,13
Frontier,f6196b52-6d67-45a2-a691-da6b093191e6,Priya Kumar,2025-08-12,4,Got me from A to B safely. Can't ask for much more than that.,True,3
Frontier,7fe4bfdf-7ddb-4c33-9004-b057b2aff943,Robert Nkrumah,2024-08-23,5,Baggage fees seemed excessive but overall flight was acceptable.,True,5
Frontier,d9425703-b6d5-47a0-86bd-654fe5a6a589,Carlos Henderson,2025-07-10,5,Smooth flight with no delays. Check-in process was efficient.,True,2
JetBlue,5349eafa-befe-49af-977a-7163ae79ff71,Jamal Farooq,2025-07-01,5,Appreciated the extra amenities provided in economy class.,True,17
JetBlue,34e18d19-e8da-42a4-aa0c-2dbe4a79de25,Akiko Taylor,2024-06-04,3,Spacious legroom even in economy class. Very impressed overall.,True,7
JetBlue,1db1f112-3bc8-4aec-b4ed-d381f2262d0b,Amina O'Brien,2025-07-01,5,Decent flight overall. Nothing exceptional but no major complaints.,False,2
JetBlue,320fb1ab-4b75-4693-909a-9426813f290e,Yuna Garcia,2025-03-01,5,Acceptable legroom for a short flight. Snacks were basic.,True,1
JetBlue,2d3dfa93-9a89-4198-ae1f-3a0ecc2b664b,Carlos Mohammad,2025-05-01,4,Boarding was chaotic but once in the air everything was fine.,True,50
JetBlue,f1e71108-2a37-4133-8621-298827dd7c69,Aryan Siddiqui,2024-08-29,5,The new aircraft was modern and comfortable. Enjoyed the flight.,True,7
JetBlue,ff90cf5f-0b53-451e-8f4d-634e1fb8fd40,Amelia Sullivan,2024-01-08,3,Spacious legroom even in economy class. Very impressed overall.,True,0
JetBlue,b1f3194c-9a1c-44aa-9ada-56b7a3837200,Ishita Davis,2024-12-23,4,Spacious legroom even in economy class. Very impressed overall.,True,2
JetBlue,aaf6b78e-14ab-4aa7-9ff1-fb10a4a65791,Charlotte Reddy,2024-10-06,4,Great experience flying with this airline. Will book again.,True,1
JetBlue,532b1713-f1cd-43a7-b0de-72ce290b58ec,Evelyn Brooks,2025-03-21,5,Spacious legroom even in economy class. Very impressed overall.,False,34
JetBlue,c8e39279-cabf-405e-9226-de887404e3d8,Joseph Qureshi,2023-12-24,4,Temperature in the cabin was too cold but otherwise standard flight.,True,4
JetBlue,9dad3de0-43f9-40eb-8d4e-7e35fdfa775e,Amelia Kamau,2025-07-02,5,Acceptable legroom for a short flight. Snacks were basic.,True,17
JetBlue,313e8d16-9b88-443f-a12a-6db173b2c25d,William Torres,2024-03-27,5,Acceptable legroom for a short flight. Snacks were basic.,True,1
JetBlue,9093d197-af20-4a77-a977-f6638d4e5ef6,Wei Yang,2024-02-21,4,The boarding process was organized and stress-free. Nice experience.,True,32
JetBlue,b08fddcb-8dd5-4f85-b166-f078731fca86,Arjun Banda,2025-05-04,5,Ground staff and flight attendants were all very helpful.,True,39
JetBlue,7b959ab7-ab41-424c-b7b0-5135551c1128,Fatima Tanaka,2024-07-17,5,Decent flight overall. Nothing exceptional but no major complaints.,True,8
JetBlue,27c6cf98-98b4-493d-985a-69624a331ed2,Jamal Gupta,2025-09-14,3,Appreciated the extra amenities provided in economy class.,True,1
JetBlue,d83a4534-04e7-46da-b78b-fd6d932ba61f,Shanice Mwangi,2025-07-31,4,On-time departure and arrival. Baggage claim was quick and easy.,True,50
JetBlue,1432ea54-cbc1-4e71-bfd0-8ec25311b6d9,Li Romano,2025-05-16,4,Food options were disappointing but flight was smooth.,True,3
JetBlue,f733f04e-58d0-4998-9f93-9ec6e440c828,Aarav Flores,2025-08-18,5,The flight was delayed but the crew handled it professionally.,True,1
JetBlue,4154d0fa-1764-4197-a9a2-953858016d6c,Charlotte Gupta,2024-01-02,5,Limited overhead space made boarding challenging. Otherwise okay.,True,0
JetBlue,aec45a8c-7f1c-46b6-8349-db8bb93e5de6,Yuna Rizvi,2025-05-12,5,No delays which is always appreciated. Seats were a bit cramped.,False,6
JetBlue,44c6ccdc-3b8b-47a8-8615-0a2a998379a3,Sanya Alves,2025-08-30,4,Comfortable seats and great in-flight entertainment. Would fly again!,False,20
JetBlue,314edbbb-a48c-4123-8b00-ced0c1a4c4d7,Ava Sanchez,2024-11-20,4,Excellent service from start to finish. The crew was friendly and professional.,True,4
JetBlue,e54e52b6-0057-4132-b837-a6440bc6ec39,Aisha Ansari,2025-09-10,4,The staff went above and beyond to accommodate my needs. Highly recommended.,True,7
JetBlue,e29249d3-eb52-4e1d-8083-9308e9d51fd4,Layla Sullivan,2024-06-15,3,Seats were uncomfortable for a long flight but arrived safely.,True,4
JetBlue,420cdb4d-97fb-4e41-9adb-80b2d919682a,Ananya Sheikh,2025-04-03,5,"Standard service, nothing to complain about but nothing memorable either.",True,0
JetBlue,875e5a81-39c8-4bf9-9b96-12fc59275aa9,Vikram Abbas,2025-10-27,5,Baggage fees seemed excessive but overall flight was acceptable.,True,8
JetBlue,938a7ace-fdfd-4506-ad47-6bbf28ad4df7,Nikhil Martinez,2025-11-05,4,Ground staff and flight attendants were all very helpful.,True,10
JetBlue,403d19b9-e44b-4f22-9749-31da058bb546,Jose Malik,2025-10-15,5,Decent value for a budget airline. Set expectations accordingly.,True,30
JetBlue,bae5da0d-3357-4039-a285-101dae647cb8,Tariq Diaz,2025-10-17,5,Excellent service from start to finish. The crew was friendly and professional.,False,2
JetBlue,bddfc66e-368d-45bb-a3bf-18206fca7f5f,Aryan Rivera,2025-09-02,5,WiFi didn't work properly but arrived on schedule.,False,9
JetBlue,4091af9b-cd43-46bd-8798-da7caf82478b,Lucia Costa,2024-06-28,4,The staff went above and beyond to accommodate my needs. Highly recommended.,True,33
JetBlue,18a7bdae-f791-49d2-8356-78d2725a6c0f,Nikhil Lopez,2025-10-04,5,Baggage fees seemed excessive but overall flight was acceptable.,True,4
JetBlue,0a970f3a-fda5-481c-af30-867440bbb2bd,Robert Martinez,2024-01-04,4,Easy online booking and smooth check-in process. No issues.,True,7
JetBlue,6e352fa6-48bd-4b1e-b302-ef4a1d4fe620,Ishita Farooq,2024-09-27,5,WiFi didn't work properly but arrived on schedule.,False,6
JetBlue,4c878cda-4cd1-4214-8f86-4ad9360b9664,Daniel Silva,2024-11-02,4,Flight was on time but seats could be more comfortable.,True,4
JetBlue,e3482d22-3a97-4809-b3d4-12bfa921c956,Jin Ibrahim,2024-12-27,5,Great experience flying with this airline. Will book again.,True,4
JetBlue,868dc5d8-fc83-4b2d-b9cd-a46e365c7f8d,Abigail Wood,2024-06-19,4,The boarding process was organized and stress-free. Nice experience.,True,5
JetBlue,f8e597e6-66df-4e8b-9d4f-8d3152374ff2,Charlotte Sheikh,2025-03-19,5,WiFi didn't work properly but arrived on schedule.,True,43
JetBlue,a69f3ed0-7afb-4629-b9a0-f4892d8753aa,Nia Mohammad,2025-05-04,4,Smooth flight with no delays. Check-in process was efficient.,True,6
JetBlue,c2dbf4ba-0d52-493e-8a82-a0fcf3030b18,Diego Alves,2024-11-11,4,Limited overhead space made boarding challenging. Otherwise okay.,True,8
JetBlue,c7f45bc6-2249-492e-b786-2c27ea95941f,Yuki Tanaka,2025-01-01,5,Great leg space and the meal service exceeded expectations.,True,5
JetBlue,62bc4aac-035a-4d82-a008-6b68e5255040,William Suzuki,2025-07-03,4,Decent flight overall. Nothing exceptional but no major complaints.,True,5
JetBlue,21c1eb38-b61f-4196-820e-e555edbeeb90,Tariq Flores,2025-09-06,5,Average experience. The price was reasonable for what you get.,False,17
JetBlue,9b3dc401-92a9-4178-bcf9-b24736d743c6,Diya Liu,2025-03-27,5,The plane was older but clean. Service was adequate.,True,9
JetBlue,308db27d-0b9d-479c-947e-982482d7c389,Jamal Gonzalez,2025-01-14,5,Appreciated the extra amenities provided in economy class.,True,6
JetBlue,24dc53a7-4216-4a91-9932-4f844bd8292e,Fatima Moore,2025-03-30,5,Acceptable legroom for a short flight. Snacks were basic.,True,4
JetBlue,56625347-942a-4a2e-bac3-bd7a8dcee79b,Kofi Lee,2025-11-10,4,Decent value for a budget airline. Set expectations accordingly.,True,1
JetBlue,6399bef1-7f2c-4f14-8ab0-13b72db53b20,Meera Sheikh,2024-12-10,3,Ground staff and flight attendants were all very helpful.,True,7
JetBlue,2e63ad53-dd69-4414-a233-44f308cf160d,Daniel Flores,2025-05-03,4,The flight was delayed but the crew handled it professionally.,True,7
JetBlue,04581b08-6b40-48ab-97b0-a446377b5488,Ali Banda,2024-12-21,3,Seats were uncomfortable for a long flight but arrived safely.,True,33
JetBlue,fde264ac-1f93-4edb-98aa-7475544ee17c,William Liu,2024-09-24,3,Excellent service from start to finish. The crew was friendly and professional.,True,4
JetBlue,0758587a-079c-4261-bc27-cc8385c4c6be,Meera Williams,2025-01-24,5,Appreciated the extra amenities provided in economy class.,True,5
JetBlue,dd68f9c9-929f-412e-a218-1c5751028369,Tariq Silva,2024-03-11,4,Boarding was chaotic but once in the air everything was fine.,True,1
JetBlue,ea4cdd9d-9040-4f0a-88da-86bf30877f33,Layla Kelly,2024-07-21,3,In-flight WiFi worked perfectly. Appreciated the complimentary snacks.,True,8
JetBlue,ce3f8699-4e01-4813-8c4e-56630ff8e1f1,Sakura Kumar,2024-08-14,4,Boarding was chaotic but once in the air everything was fine.,True,6
JetBlue,98c97abc-a0af-4244-b474-869446ede5af,Siddharth Coleman,2025-05-07,4,No delays which is always appreciated. Seats were a bit cramped.,True,0
JetBlue,c3835d7c-49c3-4457-8744-286c1fb0980a,Noor Mwangi,2025-04-01,3,On-time departure and arrival. Baggage claim was quick and easy.,True,8
JetBlue,bb27bb1d-7a2c-4baf-aa7a-85c5946fedc9,Robert Russo,2025-06-14,5,Decent flight overall. Nothing exceptional but no major complaints.,True,5
JetBlue,1a0d4b44-5b2a-435b-aba2-689bdeda47e5,Yuna Gupta,2025-03-05,5,Professional crew and well-maintained aircraft. Great value for money.,True,14
JetBlue,1f4c9e56-a900-4dc0-b6a3-01354d9cc0a0,Meera Cruz,2024-03-05,4,Baggage fees seemed excessive but overall flight was acceptable.,True,2
JetBlue,ac67782a-4f22-4b31-b927-5a3e276099c1,Antonio Thomas,2024-08-16,3,Quick boarding and efficient service. Very satisfied.,False,3
JetBlue,6a63142d-a834-4d7a-8387-22ae523031f9,Pawan Zhang,2025-08-28,5,Acceptable legroom for a short flight. Snacks were basic.,True,9
Southwest,542a087b-74f6-4d81-885c-2dfa632d871c,Sakura Taylor,2025-10-30,4,Limited overhead space made boarding challenging. Otherwise okay.,True,4
Southwest,895c014c-5110-4cdc-ad13-0520d5b1e080,Raj Hernandez,2024-05-16,5,Baggage fees seemed excessive but overall flight was acceptable.,True,1
Southwest,15963ba3-e03f-4db3-9c47-a2c748e2abbb,Maria Miller,2024-08-11,4,Great leg space and the meal service exceeded expectations.,False,0
Southwest,ce28fd79-a9af-4a1b-a4c4-8ed5feb6be44,Isabel Patel,2024-01-16,4,Temperature in the cabin was too cold but otherwise standard flight.,True,4
Southwest,123f8630-1d54-4e59-9847-64a935161575,Hiroshi Rizvi,2025-07-13,5,Acceptable legroom for a short flight. Snacks were basic.,True,10
Southwest,5006331b-9c38-4b4a-87d1-d5ba93ee24c3,Carlos Brown,2025-11-12,5,The entertainment system had issues but crew was helpful.,True,46
Southwest,ec11c0b8-1985-4829-bc3d-77c591014d15,Shanice Thomas,2025-01-30,3,The staff went above and beyond to accommodate my needs. Highly recommended.,True,2
Southwest,79ff324b-7b41-4d3f-b972-fea726bffe51,Aditya Gutierrez,2024-01-10,3,Seats were uncomfortable for a long flight but arrived safely.,True,41
Southwest,920394c7-1e1f-4c90-b30b-b504881b62b6,Emma Garcia,2024-04-03,5,Easy online booking and smooth check-in process. No issues.,True,4
Southwest,563339bb-4bbd-4d69-8fa8-7f85c2c053cc,Leila Tanaka,2025-11-08,4,Limited overhead space made boarding challenging. Otherwise okay.,True,35
Southwest,8f97bb64-d0eb-4952-aa00-3da94b9932a3,Kabir Huang,2024-06-13,5,In-flight WiFi worked perfectly. Appreciated the complimentary snacks.,True,1
Southwest,fb6204c3-e234-44e5-9dc0-31f5c3e66b60,Jamal Ibrahim,2025-01-11,5,Smooth flight with no delays. Check-in process was efficient.,True,48
Southwest,df39e4dc-af86-423c-ae60-0401c842fcfc,Thomas Kamau,2025-08-27,4,Easy online booking and smooth check-in process. No issues.,True,1
Southwest,e5756355-f8e6-438b-a668-db390acd2531,DeAndre Lopez,2024-09-12,4,Seats were uncomfortable for a long flight but arrived safely.,True,25
Southwest,39ad8063-e6e9-43f9-9660-d76938fafe31,Omar Brooks,2024-11-18,4,Boarding was chaotic but once in the air everything was fine.,True,2
Southwest,757b66f1-82d6-4045-a315-84be3ab3a031,Emily Ansari,2024-02-24,5,Limited overhead space made boarding challenging. Otherwise okay.,True,3
Southwest,27056f15-c979-4af1-b492-63cc01babf41,Priya Coleman,2025-10-13,4,Smooth flight with no delays. Check-in process was efficient.,True,10
Southwest,f241745a-f7bb-40a5-8607-a4093e78e904,Miguel Park,2025-04-18,4,Great experience flying with this airline. Will book again.,False,9
Southwest,733eb9cc-03b8-46b7-9716-f25208d67a19,Olivia Patel,2023-12-09,5,"The crew was okay, but the entertainment options were limited.",True,48
Southwest,1ad8ef66-f8ef-47a1-a562-09df2065b7ec,Aditya Rivera,2024-07-14,4,Customer service could be friendlier but flight was on time.,True,10
Southwest,31bf071e-3735-4166-8dbe-14b349b452f7,Zuri Alves,2024-05-12,3,"The crew was okay, but the entertainment options were limited.",False,9
Southwest,78023473-7dad-4885-84f8-7bbcbcf84987,Tyrone Okafor,2024-11-18,5,The boarding process was organized and stress-free. Nice experience.,False,8
Southwest,595b16ce-610f-4fbd-af42-2e613cd468e2,Ana Martinez,2025-10-03,3,Easy online booking and smooth check-in process. No issues.,True,48
Southwest,a790fbc9-9c64-4342-a5fa-d38905ce857a,Jin Davis,2024-06-06,4,"Standard service, nothing to complain about but nothing memorable either.",True,7
Southwest,aad0c73e-fee0-4938-87de-c0711e298783,Tyrone Sanchez,2024-04-16,5,Decent value for a budget airline. Set expectations accordingly.,True,0
Southwest,48d0f71f-cd38-4b4e-bca5-f84c7e205506,Destiny Gomez,2024-11-14,5,Professional crew and well-maintained aircraft. Great value for money.,True,7
Southwest,8b8fc0a2-95c1-4d98-ab8f-3a341d076617,Shreya Smith,2024-04-18,5,The new aircraft was modern and comfortable. Enjoyed the flight.,True,7
Southwest,8ae30e93-3592-4480-9a45-186f905c6d02,Malik Fernandez,2025-05-06,5,The flight was delayed but the crew handled it professionally.,True,34
Southwest,918bd2ca-f71a-4e11-8628-453f5363370d,Amina Otieno,2025-07-05,5,Decent value for a budget airline. Set expectations accordingly.,True,24
Southwest,7d9907d1-4138-4acd-a83a-6b70e565dbe0,Daniel Ortiz,2024-01-26,3,Ground staff and flight attendants were all very helpful.,True,6
Southwest,a1c4641d-a74b-4ac3-8a0b-147a5a2f3d99,Isabella Jackson,2025-08-18,5,Appreciated the extra amenities provided in economy class.,True,3
Southwest,58bf3843-f933-41cf-828f-6b4eb6df6168,Robert Abbas,2025-01-20,5,Spacious legroom even in economy class. Very impressed overall.,True,5
Southwest,cbd4c76c-36f1-48e6-99df-8192d597d81e,Riya Huang,2025-08-13,4,On-time departure and arrival. Baggage claim was quick and easy.,True,1
Southwest,07f787af-a8dc-4836-a493-00525a4e5495,Kofi Okafor,2025-08-17,4,The crew made a long flight enjoyable with their warm service.,True,32
Southwest,3b2488ed-b0a8-4f15-9a4e-f69ef16ca7d0,Karim Bennett,2025-09-24,3,Temperature in the cabin was too cold but otherwise standard flight.,True,2
Southwest,e627d84d-e034-4ecd-863d-d62cb44b9fa0,Ebony Alves,2024-08-27,5,"The crew was okay, but the entertainment options were limited.",True,3
Southwest,09a69827-189c-41aa-878d-d8662b367364,Aditya Kowalski,2025-06-11,5,Customer service could be friendlier but flight was on time.,False,29
Southwest,ae4f5279-3cbe-4e9b-b44c-ee85122dce85,Isabella Gupta,2024-06-01,3,Comfortable seats and great in-flight entertainment. Would fly again!,True,10
Southwest,b244fe00-27c1-4785-8029-6cbfcb3c632a,Priya Wang,2024-11-08,3,In-flight WiFi worked perfectly. Appreciated the complimentary snacks.,True,3
Southwest,00f9fb8c-174d-4198-92d5-d07703b5a7b1,Miguel Farooq,2024-06-04,3,The crew made a long flight enjoyable with their warm service.,True,7
Southwest,0551fb85-f08c-4b1a-80ad-994390ccb9e4,James Santos,2025-04-16,5,The crew made a long flight enjoyable with their warm service.,True,4
Southwest,caefc799-de72-4a42-ad2c-117cf96bcc08,Andrew White,2024-11-27,5,Decent value for a budget airline. Set expectations accordingly.,True,10
Southwest,870a352f-da38-4e23-a05b-3e5b18758644,Amina Nkrumah,2025-06-28,5,"Standard service, nothing to complain about but nothing memorable either.",False,19
Southwest,1d9c63c4-bdf1-4035-9b7c-85262404b8a5,Abigail Ahmed,2024-10-09,5,In-flight WiFi worked perfectly. Appreciated the complimentary snacks.,False,6
Southwest,9a2957b1-d877-41fe-b354-cfd28b73734a,Ishita Nkrumah,2024-11-01,4,In-flight WiFi worked perfectly. Appreciated the complimentary snacks.,True,0
Southwest,5bcb7785-531a-4fb9-ba08-7caaa5689db8,Sofia Ferrari,2025-11-01,5,Flight was on time but seats could be more comfortable.,True,2
Southwest,cb5b1949-de3b-423f-aa2a-d6aa3578a8b7,Raj Brown,2024-10-10,5,Spacious legroom even in economy class. Very impressed overall.,True,49
Southwest,2a787db0-850a-42c2-8d84-8cc1a8fafa63,Siddharth Okafor,2024-10-11,3,The captain provided excellent updates throughout the flight.,False,8
Southwest,69c97526-c6e5-4b36-b576-ca0d54aad6b0,Jose Patel,2025-01-21,5,Impressed by the cleanliness and comfort. Worth the price.,True,7
Southwest,55e924dd-7b5c-467f-85a5-b809b206adbb,Isabel Washington,2024-01-12,4,Great leg space and the meal service exceeded expectations.,True,6
Southwest,41921b6e-4591-4bb0-be66-a890a8c942cb,Kabir Sullivan,2024-02-14,3,Boarding was chaotic but once in the air everything was fine.,False,8
Southwest,14f5f983-f266-4f9b-82d3-82e3637de106,Ming Adeyemi,2024-11-23,3,Great leg space and the meal service exceeded expectations.,True,29
Southwest,59732bce-8bdb-45f2-88ec-9a00e453620d,Ana Sullivan,2024-04-22,5,Great experience flying with this airline. Will book again.,True,0
Southwest,0e7c81e5-0ac7-435d-94e5-66997b0ec40e,Matthew Lopez,2024-08-10,5,The crew made a long flight enjoyable with their warm service.,True,10
Southwest,7c45cb24-2e52-4146-871c-db3865bcc261,Noor Torres,2023-12-28,5,Professional crew and well-maintained aircraft. Great value for money.,True,26
Southwest,0067c2b0-462d-4e65-885c-535b0e82a485,Diya Sharma,2024-11-17,5,"Standard service, nothing to complain about but nothing memorable either.",True,38
Southwest,897cc7bd-b34e-4410-8509-c897be1cb867,Emily Brown,2024-06-21,4,The captain provided excellent updates throughout the flight.,True,1
Southwest,34a418c3-0ef9-4716-aee2-b9ee161a0b3d,Luis White,2025-01-17,3,The boarding process was organized and stress-free. Nice experience.,True,1
Southwest,390a2f8e-9231-4d1b-905a-9da3c3d50bda,Francisco Okafor,2024-10-24,3,The new aircraft was modern and comfortable. Enjoyed the flight.,True,4
Southwest,84b40e86-db66-4786-85bb-ef8a625d470b,Ava Tanaka,2024-10-12,4,"Standard service, nothing to complain about but nothing memorable either.",False,7
Southwest,53e2f48a-b0f3-4849-9470-eee78fdc6b47,Michael Reyes,2025-07-02,4,Got me from A to B safely. Can't ask for much more than that.,False,35
Southwest,be955bc0-5f7f-436a-9f6f-7b4341411fa4,Jamal Ali,2024-01-14,5,Easy online booking and smooth check-in process. No issues.,True,7
Southwest,79947ce6-e0f1-499b-a483-e98962f3fa2d,Kabir Taylor,2025-09-03,5,The plane was older but clean. Service was adequate.,False,10
Southwest,dac9fc43-f73c-44b4-9ac9-e7bd56aa9274,Jamal Thomas,2024-05-19,4,Excellent service from start to finish. The crew was friendly and professional.,True,8
Southwest,7d79c7da-e1ab-44cd-9f80-325212af2c90,Nia Adeyemi,2023-12-19,4,Average experience. The price was reasonable for what you get.,True,9
Southwest,d3300994-4fcb-4e77-9d53-72ef90e9d7ea,Malik Li,2024-06-20,5,Food options were disappointing but flight was smooth.,True,3
Southwest,bb2b1a8c-a6ee-4472-8c86-16dea79b3497,Evelyn Kumar,2023-12-16,5,Seats were uncomfortable for a long flight but arrived safely.,True,25
Southwest,323a03e9-c4e7-4b6a-b35a-f5d0568f3fe6,Yuna Shah,2025-08-26,3,Boarding was chaotic but once in the air everything was fine.,True,3
Southwest,ca8560c8-8a28-4349-bc06-9562ad87f042,Luis Morales,2025-09-28,4,Seats were uncomfortable for a long flight but arrived safely.,True,1
Southwest,1c05ae9a-bec0-42a6-aeb2-493211a3e461,Carmen Rahman,2025-04-08,5,Food options were disappointing but flight was smooth.,True,6
Southwest,31ed5c6e-4e93-488c-ae0d-e0fe45fcaf0a,William Cruz,2024-12-22,5,Baggage fees seemed excessive but overall flight was acceptable.,True,25
Southwest,5fa7b8eb-042f-4dcd-884a-89461c4d01cd,Ahmed Patel,2023-12-19,5,"The crew was okay, but the entertainment options were limited.",False,40
Spirit,3447b07e-fa3b-4d9f-b1ac-74947685670d,Kenji Zhang,2025-11-29,4,Appreciated the extra amenities provided in economy class.,True,0
Spirit,d8dbd70b-9202-4075-9d4e-f038aade8023,Jabari Ahmed,2025-01-23,4,The plane was older but clean. Service was adequate.,True,0
Spirit,2d554a3d-3304-418d-9a80-61dabc0767d9,Chen Anderson,2025-01-26,5,In-flight WiFi worked perfectly. Appreciated the complimentary snacks.,True,42
Spirit,f7fb41b1-1b4d-4946-82bd-5d001d2e7d1f,Isabel Suzuki,2024-03-01,5,Temperature in the cabin was too cold but otherwise standard flight.,False,10
Spirit,b45198fa-adff-4be5-957c-d4b7326b3332,Sanya Takahashi,2024-09-02,4,Temperature in the cabin was too cold but otherwise standard flight.,True,4
Spirit,1492a923-16ff-4f4f-a58f-3f53245c2249,Sakura Wood,2025-04-30,3,Customer service could be friendlier but flight was on time.,True,0
Spirit,31f610d8-089b-413e-aecb-5ef4d9848c8a,Andrew Nkrumah,2025-01-01,4,The new aircraft was modern and comfortable. Enjoyed the flight.,True,45
Spirit,50ef3ec3-450b-4dd0-8de0-57f37dcec6ec,Antonio Tanaka,2025-11-07,4,"Standard service, nothing to complain about but nothing memorable either.",True,6
Spirit,e627381a-ec07-45e8-a9be-d4b7d47d52e0,Vikram Brooks,2024-06-24,3,Baggage fees seemed excessive but overall flight was acceptable.,True,10
Spirit,3ae58f52-00f1-4401-b0ea-a299f87695de,Luis Cruz,2025-05-14,4,In-flight WiFi worked perfectly. Appreciated the complimentary snacks.,True,5
Spirit,b7ee18dd-2fd5-4a58-9a7a-4d861f4c755a,Daniel Williams,2024-05-23,5,Average experience. The price was reasonable for what you get.,True,7
Spirit,50a39d95-c010-4203-a377-8cdb0d6392fe,Carlos Zhang,2025-06-27,3,In-flight WiFi worked perfectly. Appreciated the complimentary snacks.,True,20
Spirit,e9e042b1-d932-4c88-888b-341d18a1ffdc,Charles Jefferson,2024-08-29,3,Customer service could be friendlier but flight was on time.,True,20
Spirit,a419b700-9490-453e-ae83-f3ed7949e427,Mia Ahmed,2025-08-19,4,The new aircraft was modern and comfortable. Enjoyed the flight.,True,7
Spirit,cde0d6e5-13f1-4b97-94b9-1fbcdc9cc71e,Charles Mehta,2024-07-06,4,Flight was on time but seats could be more comfortable.,True,2
Spirit,bf431413-9474-4640-be9b-00a8f437cd0e,Raj Siddiqui,2025-06-14,5,Spacious legroom even in economy class. Very impressed overall.,True,26
Spirit,aef212c6-76a0-45da-b77d-b5c0e96461b5,Olivia Rossi,2024-07-20,5,WiFi didn't work properly but arrived on schedule.,True,8
Spirit,caefc799-de72-4a42-ad2c-117cf96bcc08,Andrew White,2024-09-29,5,The staff went above and beyond to accommodate my needs. Highly recommended.,False,25
Spirit,de6eabfc-b3da-4a92-a334-1d95c36a0b08,Zahra Gupta,2025-10-16,4,The boarding process was organized and stress-free. Nice experience.,True,37
Spirit,b396ba89-c2d7-44f9-90a4-53793de5d7cd,Aisha Qureshi,2025-05-07,3,Ground staff and flight attendants were all very helpful.,True,4
Spirit,cb4d5096-65bb-4e28-b2a1-ec77a569966f,Wei Diaz,2025-02-16,3,Easy online booking and smooth check-in process. No issues.,False,38
Spirit,545ca46d-3ca5-4986-80db-05874ce46b4f,Kabir Mensah,2025-01-08,4,Smooth flight with no delays. Check-in process was efficient.,True,11
Spirit,27a38e6f-796d-4588-9d9c-1f5e5dc31e6b,Jose Martinez,2024-05-22,4,Limited overhead space made boarding challenging. Otherwise okay.,True,28
Spirit,f7a897ec-d9d1-4f96-b395-331f729c2c7b,Miguel Rodriguez,2025-11-30,4,Quick boarding and efficient service. Very satisfied.,True,5
Spirit,b85d665f-9814-45a5-8670-28914fc47726,Ebony Santos,2025-03-13,5,"The crew was okay, but the entertainment options were limited.",True,10
Spirit,859264c7-de14-4047-8a88-85a8fc6474d4,Charlotte White,2024-05-04,3,Great leg space and the meal service exceeded expectations.,True,7
Spirit,a3a2859c-6355-4c1d-82ac-5169e9805780,Miguel Williams,2024-07-29,5,Spacious legroom even in economy class. Very impressed overall.,True,1
Spirit,313f0b7d-f3f3-4e07-b08f-cfe7e7406c41,Ebony Khan,2025-01-05,5,Food options were disappointing but flight was smooth.,True,9
Spirit,a733f65e-17e5-4dae-92f6-a69c8412bc18,Chen Williams,2025-08-05,5,The plane was older but clean. Service was adequate.,False,26
Spirit,2345951f-dcfc-44a4-a92f-633915dc6052,DeAndre Rahman,2025-09-13,5,Smooth flight with no delays. Check-in process was efficient.,True,9
Spirit,bbeb49ca-d9b3-4e85-ae8d-24737999ac83,Akiko Cruz,2024-09-21,5,Acceptable legroom for a short flight. Snacks were basic.,True,0
Spirit,2064264b-0d6a-452b-9eb2-832db8f75fb2,Vikram Lopez,2025-08-14,5,The boarding process was organized and stress-free. Nice experience.,False,36
Spirit,b71417e6-4478-4a1e-b9de-c14fbbc663a2,Kwame Park,2025-01-08,4,Professional crew and well-maintained aircraft. Great value for money.,True,46
Spirit,f8bf9985-9263-4e52-8b73-c3888549cdea,Amina Choi,2024-03-07,4,Flight was on time but seats could be more comfortable.,False,42
Spirit,f18b86b8-b2a6-476e-b5e6-2c5fefbe714c,DeAndre Kowalski,2024-12-13,5,Limited overhead space made boarding challenging. Otherwise okay.,True,2
Spirit,89553d6a-de50-482a-9e4b-a67b6f398d7b,Noor Sanchez,2024-05-18,4,Great experience flying with this airline. Will book again.,True,7
Spirit,a255c272-a5dd-4a51-8269-6e343bc880ef,Tariq Wood,2025-10-26,4,Average experience. The price was reasonable for what you get.,False,7
Spirit,b13a1d2a-8790-49fb-8bcc-aac5ec3bb2eb,Maria Takahashi,2025-01-20,4,On-time departure and arrival. Baggage claim was quick and easy.,True,5
Spirit,a7da1c45-88cc-4944-9032-8509a2109ee2,Kavya Qureshi,2025-05-06,3,The boarding process was organized and stress-free. Nice experience.,False,0
Spirit,2ad79f89-546c-4637-9f34-8cd3de093497,Meera White,2025-01-26,5,Average experience. The price was reasonable for what you get.,False,2
Spirit,e2fcad78-4ca4-4bc3-ac4a-cea86e7fb99e,Rashid Li,2024-07-12,4,The plane was older but clean. Service was adequate.,False,19
Spirit,d41a355a-3f22-433b-b385-e0bc7006bc4d,Siddharth Rodriguez,2024-10-21,3,The staff went above and beyond to accommodate my needs. Highly recommended.,True,3
Spirit,3c94d5cc-b421-438b-bef5-63ff193c3cee,Karim Coleman,2024-07-05,5,The new aircraft was modern and comfortable. Enjoyed the flight.,False,26
Spirit,947a0eaf-12cc-4125-ab69-93e289df6503,Wei Ferrari,2024-04-20,4,Clean aircraft and pleasant atmosphere. Food was surprisingly good.,False,41
Spirit,af409e9a-e4c1-4aa1-9c14-13673135ed87,Pawan Okafor,2024-07-22,4,"Standard service, nothing to complain about but nothing memorable either.",True,3
Spirit,9db68a6c-d922-4c10-a58f-caccddc718d5,Aryan Zhang,2024-06-25,5,Flight was on time but seats could be more comfortable.,True,38
Spirit,5ef9cb47-04c0-4f76-aaa2-73b82b90485a,Aditya Torres,2024-11-16,4,WiFi didn't work properly but arrived on schedule.,False,3
Spirit,bf453561-9806-400a-9167-a25f11141fdd,Harper Anderson,2025-03-26,5,Great leg space and the meal service exceeded expectations.,True,6
Spirit,aaa99c1d-fbbd-4b4e-912c-a2f70ab7fcb3,Omar Romano,2025-04-15,5,Quick boarding and efficient service. Very satisfied.,True,8
Spirit,cf162da2-21ce-42f3-89b1-a2dd024e3482,Sophia Thomas,2025-08-07,4,Decent flight overall. Nothing exceptional but no major complaints.,True,16
Spirit,fc9d76cb-9a19-4ebb-84e0-3cbc0ef4cf49,Aaliyah Barnes,2024-10-28,4,WiFi didn't work properly but arrived on schedule.,True,49
Spirit,b95f54d2-16b2-41fb-a783-cfa73c84dfe3,Ebony Ali,2024-03-20,5,The new aircraft was modern and comfortable. Enjoyed the flight.,False,2
Spirit,1ee6b80f-93e3-42ca-8c0c-ecff7207a848,Vikram Chen,2025-09-05,3,Acceptable legroom for a short flight. Snacks were basic.,True,45
Spirit,e39e8157-902e-45f2-97c6-f773d4dd524b,Zahra Suzuki,2025-05-16,4,The boarding process was organized and stress-free. Nice experience.,False,16
Spirit,3f2534da-9ab8-486d-8725-2d6a16d4484c,Siddharth Washington,2024-11-18,5,Decent flight overall. Nothing exceptional but no major complaints.,True,9
Spirit,4bb4fb1a-c0f4-4671-9333-bf76bc06966c,Francisco Costa,2024-05-05,4,Professional crew and well-maintained aircraft. Great value for money.,True,50
Spirit,4e4c87a1-e3f5-4ae1-afb1-2a438ef0bf0b,Ebony Zhang,2024-01-26,3,Flight was on time but seats could be more comfortable.,True,38
Spirit,44cf2456-6d71-4028-9779-67eb8d65275d,Juan Anderson,2025-06-24,4,Ground staff and flight attendants were all very helpful.,True,36
Spirit,25bf1fa3-f8e1-4d13-a755-b3a7fccbbea3,Li Ali,2025-01-26,3,Excellent service from start to finish. The crew was friendly and professional.,True,21
Spirit,9de63286-f45e-42b5-80d8-65c446b6ae3d,Evelyn Abbas,2025-11-16,5,Got me from A to B safely. Can't ask for much more than that.,False,7
Spirit,bce3a986-c288-4abf-8201-f827eeb63d49,Olivia Santos,2024-03-16,5,Baggage fees seemed excessive but overall flight was acceptable.,True,9
Spirit,07f338fa-4d3c-4e4d-aa2c-9fc43b1cd048,Nikhil Johnson,2024-02-09,3,The flight was delayed but the crew handled it professionally.,True,0
Spirit,891571e6-134c-44cf-9617-6218fb2784bc,Yuki Wang,2024-06-20,4,Ground staff and flight attendants were all very helpful.,False,5
Spirit,b85d665f-9814-45a5-8670-28914fc47726,Ebony Santos,2024-08-03,5,Food options were disappointing but flight was smooth.,False,5
Spirit,c8884641-50cb-4778-9278-ec69abdfdb08,Carlos Hassan,2024-11-24,5,Professional crew and well-maintained aircraft. Great value for money.,True,8
Spirit,f6dbdb4b-4162-4bea-a090-15f565a6eca5,Li Rizvi,2025-08-28,4,Limited overhead space made boarding challenging. Otherwise okay.,True,1
Spirit,5a07acfa-ee2d-4b80-8f53-a8fe6d264ebb,Aarav Gupta,2024-04-13,4,Excellent service from start to finish. The crew was friendly and professional.,False,9
Spirit,2098bd55-3f89-4929-8c47-9d3f651fbd4c,Shanice Silva,2025-08-06,5,Customer service could be friendlier but flight was on time.,True,7
Spirit,0adc7ddd-e7ed-4813-a902-b3dab673dc91,Jin Banda,2025-03-01,5,In-flight WiFi worked perfectly. Appreciated the complimentary snacks.,True,0
Spirit,b41c5689-4459-4819-a14b-1396a0502527,Siddharth Huang,2025-10-31,4,Food options were disappointing but flight was smooth.,True,7
Spirit,00ced43e-87b7-42d0-93e5-f3574a346e35,Aryan Davis,2024-11-21,4,Comfortable seats and great in-flight entertainment. Would fly again!,True,1
United,32bf4bf5-6fc8-48bd-8db5-4958c77e9e15,Luis Sanchez,2024-03-09,4,No delays which is always appreciated. Seats were a bit cramped.,True,3
United,dbe4da70-87ef-4087-861c-7fa3f7edb5a5,Diego Gonzalez,2025-05-28,5,Appreciated the extra amenities provided in economy class.,False,0
United,4473af5f-ccd7-4fb2-9192-51212f4871d9,Ananya Khan,2025-10-29,5,The flight was delayed but the crew handled it professionally.,False,9
United,53437a48-f2be-4740-ac60-68e445695cf8,Carmen Lopez,2024-07-05,5,Seats were uncomfortable for a long flight but arrived safely.,True,4
United,4c76cac1-0a81-406d-8162-77689096588c,Ali Abbas,2025-01-16,4,Excellent service from start to finish. The crew was friendly and professional.,False,9
United,ad23a300-00c7-49c5-8dce-de2385f97347,Ali Martinez,2024-05-04,3,Average experience. The price was reasonable for what you get.,True,9
United,366eaf7c-faef-43e7-9599-1c8500df63a5,Yasmin Sanchez,2025-09-02,4,The entertainment system had issues but crew was helpful.,True,9
United,e9392bc0-47bf-4710-8568-d9f9d0c7f0b7,Shreya Liu,2025-09-21,5,The entertainment system had issues but crew was helpful.,True,5
United,e5598e6c-6ee8-4863-a019-ef529d2b70f0,Matthew Jackson,2025-11-03,4,The flight was delayed but the crew handled it professionally.,True,6
United,8ebe9d35-464b-4cce-bb7c-afcbda2662bd,Ming Gonzalez,2025-10-20,5,Professional crew and well-maintained aircraft. Great value for money.,False,9
United,ca627f3c-eb5e-4955-82b4-f1a60e3e7686,Mia Brooks,2025-09-24,5,Baggage fees seemed excessive but overall flight was acceptable.,True,37
United,489b1a7c-f2e4-4c24-91d4-adf383954ab0,Akiko Rivera,2024-05-18,5,Seats were uncomfortable for a long flight but arrived safely.,True,0
United,aa9613bd-66ea-48b9-a5de-ae5f45def537,Yuna Abbas,2024-09-10,5,Spacious legroom even in economy class. Very impressed overall.,True,8
United,78c688c1-5e71-40e2-b5c8-797c96639ff9,Zuri Gonzalez,2024-10-17,5,Smooth flight with no delays. Check-in process was efficient.,True,2
United,81672aad-c42e-44f1-b19e-aa54c2cfb036,Emma Rivera,2025-06-15,5,Great experience flying with this airline. Will book again.,True,4
United,9346f378-1964-4e3b-8232-a31e0f1918fc,Ava Silva,2024-04-08,4,Great leg space and the meal service exceeded expectations.,True,0
United,92de56a0-7e8e-423a-be3a-ee7de07cd814,Amelia Brooks,2025-05-11,5,Average experience. The price was reasonable for what you get.,False,6
United,e64664a5-bc57-4961-88b8-6f4898d7378e,Shanice Bennett,2025-07-11,3,"Standard service, nothing to complain about but nothing memorable either.",True,0
United,13fdfea6-aae2-46aa-8e73-08014c48fecd,Chen Sanchez,2024-11-28,4,Quick boarding and efficient service. Very satisfied.,True,27
United,a007ae65-a02d-45c4-8ff1-50a3659abe8e,Samir Barnes,2025-07-07,4,Quick boarding and efficient service. Very satisfied.,True,45
United,9d9a9f34-0616-4daf-b13d-12162b013b0a,Antonio Santos,2025-09-22,5,Excellent service from start to finish. The crew was friendly and professional.,True,5
United,97adbf0e-1161-4b00-a098-a0bd2726fd5b,Riya Kelly,2025-09-18,5,WiFi didn't work properly but arrived on schedule.,True,2
United,0bd31322-3088-4076-a488-06185bbdf2de,William Park,2024-12-07,5,Excellent service from start to finish. The crew was friendly and professional.,True,29
United,1925a6b1-c6bc-4908-a87a-41e9b979d6f0,Amara Diaz,2025-07-13,4,Professional crew and well-maintained aircraft. Great value for money.,True,17
United,96e7f3e2-ecbb-48c5-92f4-8bb9fc07402a,Hassan Reddy,2025-09-21,5,Impressed by the cleanliness and comfort. Worth the price.,False,0
United,fe451e70-acf0-4189-951d-cc6c52516013,Isabel Otieno,2024-07-13,5,WiFi didn't work properly but arrived on schedule.,True,1
United,f1bce369-d2b6-4f87-bc06-6ab5d7568935,Kenji Martinez,2024-12-04,3,Got me from A to B safely. Can't ask for much more than that.,False,8
United,ded64b0a-889f-4241-9d88-e5d16623067e,Kabir Williams,2023-12-11,4,Quick boarding and efficient service. Very satisfied.,True,4
United,6e8c7b21-e4da-4610-83d7-b315a8fbd130,Olivia Shah,2025-05-30,5,Got me from A to B safely. Can't ask for much more than that.,False,4
United,f90fad94-78b6-4654-859b-c0f2f06da235,Michael Smith,2024-03-03,5,Decent flight overall. Nothing exceptional but no major complaints.,True,14
United,b4cfe15b-3ace-4cd2-8842-f4172f75978f,Miguel Qureshi,2024-08-15,4,Got me from A to B safely. Can't ask for much more than that.,True,3
United,783d7583-9380-4f5f-8a9c-79177a42d244,Matthew Cruz,2025-10-04,4,Got me from A to B safely. Can't ask for much more than that.,False,8
United,a044e74f-8ae5-4b98-aa09-142096d12cbb,Jasmine Torres,2024-03-06,4,Got me from A to B safely. Can't ask for much more than that.,True,19
United,3df345cc-4bc4-4b5a-9ad8-e52bccc57245,Yasmin Hernandez,2025-02-21,4,Excellent service from start to finish. The crew was friendly and professional.,False,6
United,7c906e27-82d5-4a41-8872-b25aee8a6df5,Nia Kelly,2024-07-21,4,Limited overhead space made boarding challenging. Otherwise okay.,True,2
United,bdd79bda-23a6-4bfe-8b90-37fc248a3ca6,Vikram Sullivan,2024-01-05,5,Flight was on time but seats could be more comfortable.,False,7
United,1b9750f7-3775-4eca-a9d3-6b03d65d29ff,Ava Qureshi,2024-11-22,5,Excellent service from start to finish. The crew was friendly and professional.,True,6
United,cc657bfe-6296-4412-a21a-203ceb053330,Ali Qureshi,2024-08-16,5,On-time departure and arrival. Baggage claim was quick and easy.,False,11
United,2ee4e2f3-9c02-4b5b-9f87-02d6f9e47f95,Ishita Adeyemi,2024-03-11,3,Ground staff and flight attendants were all very helpful.,True,0
United,fa552c6a-a683-4bde-b88d-c4ca9a0fb1e6,Lucia Kim,2025-01-27,5,Spacious legroom even in economy class. Very impressed overall.,True,35
United,d840c576-9f53-40fb-91eb-1bba2f54d36a,Jabari Sheikh,2024-06-07,4,Quick boarding and efficient service. Very satisfied.,True,18
United,590f6285-e7f9-49a8-aeda-1dea50669995,Malik Martinez,2025-02-20,5,The entertainment system had issues but crew was helpful.,True,1
United,093af5aa-bbd3-4de4-ba00-5b7cef6c7c3e,Emily Costa,2025-01-20,5,The captain provided excellent updates throughout the flight.,True,37
United,796bb935-c2f5-44a3-84c3-d6103e7b1e77,Yuna Kowalski,2025-07-04,5,Spacious legroom even in economy class. Very impressed overall.,True,1
United,460d0aef-4357-43bc-846c-34305c7b9804,Jose Alves,2025-11-06,4,The entertainment system had issues but crew was helpful.,True,2
United,d69494f9-9a69-4306-ab52-b6083b054eff,Rosa Mensah,2025-08-26,4,Temperature in the cabin was too cold but otherwise standard flight.,True,10
United,3083bfb6-84b1-4794-b18d-3e601960b626,Joseph Watanabe,2024-08-06,3,Spacious legroom even in economy class. Very impressed overall.,True,40
United,c6f23b68-76d6-4183-9fb2-e0af73ea7e9c,Maria Smith,2025-05-30,5,Acceptable legroom for a short flight. Snacks were basic.,True,5
United,8db9aea6-028f-4799-bca0-ab1847be7861,Zahra Petrov,2023-12-02,5,Baggage fees seemed excessive but overall flight was acceptable.,True,1
United,3ad007bc-c1f1-4ba3-bfef-b734aeb1acec,Siddharth Garcia,2024-06-22,3,The new aircraft was modern and comfortable. Enjoyed the flight.,True,5
United,7e026aa3-adcc-4772-adee-4e24ab28a996,William Patel,2024-07-11,5,Decent flight overall. Nothing exceptional but no major complaints.,True,4
United,f40a1b37-49b5-40c1-9a37-49684c4b81e4,Diego Costa,2024-06-02,4,Decent value for a budget airline. Set expectations accordingly.,True,30
United,24dc53a7-4216-4a91-9932-4f844bd8292e,Fatima Moore,2023-12-12,3,Seats were uncomfortable for a long flight but arrived safely.,True,1
United,73fb5a58-106e-4598-a8fe-cc5b30f2a86f,Karim Farooq,2025-09-05,4,Quick boarding and efficient service. Very satisfied.,True,3
United,b057eeea-217b-4ba3-92a5-dbfed4c8be2d,Michael Rahman,2025-03-02,4,The entertainment system had issues but crew was helpful.,True,0
United,b2dd6380-189d-429f-b4a8-f439a198ce17,Valentina Cruz,2025-09-05,5,Seats were uncomfortable for a long flight but arrived safely.,True,0
United,2649eed3-228f-4845-aa40-638dee054be9,Jasmine Bennett,2025-03-27,5,Limited overhead space made boarding challenging. Otherwise okay.,True,0
United,23b179ea-20e0-4c4f-ade7-947412c564f3,Vikram Hussein,2024-10-28,4,Comfortable seats and great in-flight entertainment. Would fly again!,False,7
United,c432e283-2c2d-4d80-bed9-baa08deb5695,Zahra Miller,2025-11-23,4,Clean aircraft and pleasant atmosphere. Food was surprisingly good.,True,15
United,9364f1f0-03b5-427a-be10-fa94b8d1b8fb,Nikhil Liu,2024-06-22,5,The new aircraft was modern and comfortable. Enjoyed the flight.,True,2
United,0485b627-632f-4bd2-be1f-f5c634e1b7b3,Evelyn Miller,2024-03-02,4,Temperature in the cabin was too cold but otherwise standard flight.,True,5
United,24126562-ade6-4852-b753-9a17c99bf973,William Davis,2025-01-18,3,Easy online booking and smooth check-in process. No issues.,True,6
United,df2c859c-24a1-4f62-8ec4-2afa08b86a2b,Kenji Brown,2025-01-23,5,No delays which is always appreciated. Seats were a bit cramped.,True,2
United,7e286f41-abf9-4f9c-9ec7-b0965f15bf21,Siddharth Wood,2025-01-21,5,Temperature in the cabin was too cold but otherwise standard flight.,True,4
United,71568fe9-a141-42df-9932-5bbbf2476d78,Rashid Morales,2024-12-20,3,Impressed by the cleanliness and comfort. Worth the price.,True,8
United,7ba0bec4-f660-4699-83a5-aec9a9b0f1bb,William Choi,2025-01-17,5,On-time departure and arrival. Baggage claim was quick and easy.,True,2
United,8373fb9f-4320-4be7-a1ec-7288ac7bdf96,Hiroshi Otieno,2024-12-28,5,Baggage fees seemed excessive but overall flight was acceptable.,True,10
United,91f8570c-36c1-425f-afbd-3f24bbc26cf5,Christopher Brooks,2024-08-19,5,Appreciated the extra amenities provided in economy class.,True,25
United,7e2aeb57-16a1-46ae-896f-2b9afda2ad3a,Tariq Ramirez,2024-07-15,5,The boarding process was organized and stress-free. Nice experience.,True,20
United,b30065c7-21ce-4d4f-88d3-35fd1249b0a7,Wei Reyes,2024-09-19,5,Impressed by the cleanliness and comfort. Worth the price.,True,4
United,db63b412-10f7-4509-9301-bfc23dddae87,Emma Watanabe,2025-10-07,5,Spacious legroom even in economy class. Very impressed overall.,True,3
United,c6433b85-8a2d-4316-a7e5-dcb7922bca43,Yuna Huang,2024-04-02,5,"The crew was okay, but the entertainment options were limited.",True,1
United,f39c5ff0-19c8-45bf-bbce-a298f3c7a7ec,Rosa Hassan,2025-10-31,3,Baggage fees seemed excessive but overall flight was acceptable.,True,6
United,8d80361b-4687-41b1-92b4-423859171765,Arjun Hassan,2024-09-14,5,No delays which is always appreciated. Seats were a bit cramped.,True,39
United,c6a06522-1a18-486e-9e4d-4035c4eded0d,Samir Sheikh,2024-08-02,4,Ground staff and flight attendants were all very helpful.,True,39
United,0bb9c990-916d-4978-8a56-f474b88a6a96,Juan Yang,2024-10-18,3,"Standard service, nothing to complain about but nothing memorable either.",True,19
United,386008ef-838d-426b-aa6e-43e5618ef960,Charlotte Li,2025-06-14,3,Decent flight overall. Nothing exceptional but no major complaints.,True,0
United,f858270b-5713-49b3-9b8d-d2d551ddd30e,Zuri Kim,2025-06-02,5,Appreciated the extra amenities provided in economy class.,True,2
United,c5539504-401f-4bd4-9b7e-f2ee8d21606e,Sanya Davis,2024-11-29,5,Excellent service from start to finish. The crew was friendly and professional.,True,37
United,5bd25265-8d23-4aaf-910e-d8493d884771,Ana Torres,2024-03-04,5,Clean aircraft and pleasant atmosphere. Food was surprisingly good.,False,10
United,fcb144d0-064c-4f08-ad79-ff3563fe8ea1,Sofia Choi,2025-07-24,4,The captain provided excellent updates throughout the flight.,True,1
United,ff5db700-7d88-4cdf-a623-893bdc2a90b2,DeAndre Moore,2025-11-01,5,Food options were disappointing but flight was smooth.,False,6
United,66fa3a26-0a89-4a3e-865d-310081a58234,Maria Rivera,2025-10-19,4,Customer service could be friendlier but flight was on time.,True,34
United,a13f9efd-9f08-42c6-af22-9a240942827e,Tariq Abbas,2024-09-03,5,On-time departure and arrival. Baggage claim was quick and easy.,True,22
United,70065072-2c66-41fa-9d0d-43bff71db203,Rosa Martinez,2025-04-10,4,The staff went above and beyond to accommodate my needs. Highly recommended.,False,2
United,95888032-6ca7-4b46-bd9a-74285df28850,Yuna Suzuki,2024-05-14,3,Comfortable seats and great in-flight entertainment. Would fly again!,True,8
United,2571f7bc-9f48-45f1-88d7-db2e03291bd3,Aditya Liu,2024-11-30,4,Average experience. The price was reasonable for what you get.,False,30
